code,name,category
688609,九联科技,业绩预告
688551,科威尔,破产重整
688551,科威尔,业绩预告
688551,科威尔,分红/增持/回购
688399,硕世生物,分红/增持/回购
688399,硕世生物,并购重组
688399,硕世生物,重大诉讼
688399,硕世生物,人事变动
688196,卓越新能,业绩预告
603680,今创集团,业绩预告
603680,今创集团,分红/增持/回购
603376,大明电子,业绩预告
603281,江瀚新材,分红/增持/回购
603281,江瀚新材,业绩预告
603103,横店影视,业绩预告
601126,四方股份,分红/增持/回购
601126,四方股份,业绩预告
600941,中国移动,人事变动
600941,中国移动,业绩预告
600941,中国移动,分红/增持/回购
600743,华远控股,破产重整
600743,华远控股,业绩预告
600743,华远控股,质押/解押
600743,华远控股,出售/转让
600392,盛和资源,分红/增持/回购
600392,盛和资源,业绩预告
600392,盛和资源,澄清/辟谣
600273,嘉化能源,业绩预告
600273,嘉化能源,并购重组
600273,嘉化能源,分红/增持/回购
301307,美利信,人事变动
301307,美利信,业绩预告
300961,深水海纳,并购重组
300961,深水海纳,重大诉讼
300961,深水海纳,质押/解押
300961,深水海纳,破产重整
300758,七彩化学,质押/解押
300638,广和通,出售/转让
300638,广和通,并购重组
300638,广和通,破产重整
300638,广和通,质押/解押
300316,晶盛机电,分红/增持/回购
300316,晶盛机电,破产重整
300082,奥克股份,重大诉讼
300082,奥克股份,并购重组
002966,苏州银行,重大诉讼
002966,苏州银行,破产重整
002534,西子洁能,人事变动
002534,西子洁能,业绩预告
002534,西子洁能,并购重组
001280,中国铀业,分红/增持/回购
001280,中国铀业,破产重整
001280,中国铀业,人事变动
000838,*ST发展,破产重整
000838,*ST发展,业绩预告
000838,*ST发展,重大诉讼
688728,格科微,质押/解押
688728,格科微,业绩预告
688728,格科微,分红/增持/回购
688728,格科微,立案/处罚
688692,达梦数据,业绩预告
688692,达梦数据,重大诉讼
688692,达梦数据,分红/增持/回购
688692,达梦数据,破产重整
688690,纳微科技,业绩预告
688690,纳微科技,质押/解押
688607,康众科技,破产重整
688607,康众科技,人事变动
688596,正帆科技,破产重整
688596,正帆科技,业绩预告
688596,正帆科技,人事变动
688595,芯海科技,分红/增持/回购
688595,芯海科技,业绩预告
688558,国盛智科,业绩预告
688529,豪森智能,业绩预告
688519,南亚新材,业绩预告
688519,南亚新材,分红/增持/回购
688519,南亚新材,人事变动
688519,南亚新材,破产重整
688360,德马科技,并购重组
688360,德马科技,破产重整
688360,德马科技,分红/增持/回购
688360,德马科技,业绩预告
688355,明志科技,重大诉讼
688355,明志科技,业绩预告
688285,高铁电气,分红/增持/回购
688285,高铁电气,业绩预告
688248,南网科技,出售/转让
688248,南网科技,分红/增持/回购
688248,南网科技,并购重组
688202,美迪西,质押/解押
688202,美迪西,业绩预告
688202,美迪西,重大诉讼
688125,安达智能,业绩预告
688125,安达智能,人事变动
688125,安达智能,并购重组
688125,安达智能,破产重整
688068,热景生物,出售/转让
688068,热景生物,业绩预告
688057,金达莱,分红/增持/回购
688057,金达莱,业绩预告
688038,中科通达,业绩预告
688038,中科通达,出售/转让
688038,中科通达,人事变动
688038,中科通达,破产重整
688037,芯源微,分红/增持/回购
688037,芯源微,破产重整
688037,芯源微,出售/转让
688037,芯源微,业绩预告
688022,ST瀚川,退市风险
688022,ST瀚川,人事变动
688022,ST瀚川,业绩预告
688022,ST瀚川,重大诉讼
605303,园林股份,业绩预告
605303,园林股份,出售/转让
605303,园林股份,质押/解押
605303,园林股份,并购重组
605198,安德利,分红/增持/回购
605198,安德利,人事变动
605198,安德利,并购重组
605168,三人行,业绩预告
605168,三人行,并购重组
605168,三人行,质押/解押
605099,共创草坪,业绩预告
605090,九丰能源,分红/增持/回购
605090,九丰能源,业绩预告
605090,九丰能源,质押/解押
605011,杭州热电,破产重整
605011,杭州热电,分红/增持/回购
605011,杭州热电,业绩预告
603989,艾华集团,分红/增持/回购
603989,艾华集团,业绩预告
603989,艾华集团,立案/处罚
603950,长源东谷,并购重组
603950,长源东谷,分红/增持/回购
603950,长源东谷,出售/转让
603927,中科软,破产重整
603927,中科软,人事变动
603927,中科软,分红/增持/回购
603926,铁流股份,分红/增持/回购
603926,铁流股份,业绩预告
603836,海程邦达,分红/增持/回购
603836,海程邦达,业绩预告
603836,海程邦达,质押/解押
603823,百合花,破产重整
603823,百合花,业绩预告
603816,顾家家居,分红/增持/回购
603816,顾家家居,破产重整
603816,顾家家居,业绩预告
603668,天马科技,破产重整
603668,天马科技,业绩预告
603668,天马科技,质押/解押
603661,恒林股份,分红/增持/回购
603661,恒林股份,业绩预告
603517,ST绝味,出售/转让
603517,ST绝味,分红/增持/回购
603517,ST绝味,业绩预告
603390,通达电气,重大诉讼
603390,通达电气,业绩预告
603390,通达电气,分红/增持/回购
603377,ST东时,人事变动
603377,ST东时,退市风险
603377,ST东时,重大诉讼
603377,ST东时,破产重整
603377,ST东时,业绩预告
603377,ST东时,质押/解押
603363,傲农生物,分红/增持/回购
603363,傲农生物,业绩预告
603363,傲农生物,人事变动
603363,傲农生物,立案/处罚
603341,龙旗科技,分红/增持/回购
603341,龙旗科技,并购重组
603341,龙旗科技,业绩预告
603316,诚邦股份,业绩预告
603316,诚邦股份,质押/解押
603279,景津装备,业绩预告
603270,金帝股份,并购重组
603270,金帝股份,业绩预告
603270,金帝股份,人事变动
603268,松发股份,业绩预告
603248,锡华科技,分红/增持/回购
603248,锡华科技,业绩预告
603226,菲林格尔,业绩预告
603226,菲林格尔,并购重组
603226,菲林格尔,破产重整
603191,望变电气,业绩预告
603191,望变电气,并购重组
603167,渤海轮渡,分红/增持/回购
603167,渤海轮渡,质押/解押
603167,渤海轮渡,业绩预告
603098,森特股份,分红/增持/回购
603098,森特股份,人事变动
603098,森特股份,业绩预告
603033,三维股份,业绩预告
603033,三维股份,质押/解押
603033,三维股份,人事变动
603033,三维股份,破产重整
603029,天鹅股份,业绩预告
603029,天鹅股份,重大诉讼
603027,千禾味业,质押/解押
603027,千禾味业,分红/增持/回购
603010,万盛股份,业绩预告
603010,万盛股份,破产重整
603010,万盛股份,人事变动
603010,万盛股份,质押/解押
603008,ST喜临门,退市风险
603008,ST喜临门,质押/解押
603008,ST喜临门,业绩预告
603008,ST喜临门,破产重整
603007,顺景科技,重大诉讼
603007,顺景科技,业绩预告
601949,中国出版,人事变动
601949,中国出版,业绩预告
601949,中国出版,分红/增持/回购
601869,长飞光纤,人事变动
601869,长飞光纤,业绩预告
601869,长飞光纤,并购重组
601869,长飞光纤,分红/增持/回购
601825,沪农商行,破产重整
601825,沪农商行,分红/增持/回购
601825,沪农商行,并购重组
601788,光大证券,人事变动
601788,光大证券,业绩预告
601788,光大证券,分红/增持/回购
601595,上海电影,业绩预告
601595,上海电影,分红/增持/回购
601595,上海电影,重大诉讼
601568,北元化工,业绩预告
601500,通用股份,业绩预告
601500,通用股份,破产重整
601500,通用股份,质押/解押
601456,国联民生,出售/转让
601456,国联民生,分红/增持/回购
601456,国联民生,人事变动
601456,国联民生,业绩预告
601456,国联民生,并购重组
601279,英利汽车,业绩预告
601279,英利汽车,人事变动
601238,广汽集团,业绩预告
601238,广汽集团,并购重组
601198,东兴证券,并购重组
601198,东兴证券,分红/增持/回购
601198,东兴证券,退市风险
601121,宝地矿业,破产重整
601121,宝地矿业,业绩预告
601121,宝地矿业,并购重组
601121,宝地矿业,分红/增持/回购
601116,三江购物,业绩预告
601068,中铝国际,破产重整
601068,中铝国际,人事变动
601068,中铝国际,业绩预告
601059,信达证券,业绩预告
601059,信达证券,并购重组
601059,信达证券,分红/增持/回购
601059,信达证券,退市风险
601020,华钰矿业,分红/增持/回购
601020,华钰矿业,出售/转让
601020,华钰矿业,人事变动
601020,华钰矿业,业绩预告
600985,淮北矿业,业绩预告
600985,淮北矿业,破产重整
600967,内蒙一机,分红/增持/回购
600967,内蒙一机,业绩预告
600929,雪天盐业,业绩预告
600929,雪天盐业,并购重组
600929,雪天盐业,出售/转让
600929,雪天盐业,破产重整
600927,永安期货,业绩预告
600927,永安期货,分红/增持/回购
600927,永安期货,人事变动
600926,杭州银行,人事变动
600926,杭州银行,业绩预告
600926,杭州银行,分红/增持/回购
600918,中泰证券,分红/增持/回购
600918,中泰证券,业绩预告
600918,中泰证券,人事变动
600903,贵州燃气,并购重组
600903,贵州燃气,出售/转让
600903,贵州燃气,质押/解押
600903,贵州燃气,分红/增持/回购
600903,贵州燃气,业绩预告
600903,贵州燃气,人事变动
600889,*ST京化,业绩预告
600889,*ST京化,并购重组
600860,京城股份,破产重整
600860,京城股份,业绩预告
600860,京城股份,立案/处罚
600825,新华传媒,并购重组
600825,新华传媒,出售/转让
600732,爱旭股份,质押/解押
600732,爱旭股份,业绩预告
600731,湖南海利,分红/增持/回购
600731,湖南海利,人事变动
600731,湖南海利,业绩预告
600729,重百集团,破产重整
600729,重百集团,分红/增持/回购
600729,重百集团,业绩预告
600729,重百集团,质押/解押
600693,东百集团,出售/转让
600693,东百集团,分红/增持/回购
600693,东百集团,业绩预告
600679,上海凤凰,出售/转让
600679,上海凤凰,分红/增持/回购
600679,上海凤凰,业绩预告
600662,外服控股,分红/增持/回购
600662,外服控股,人事变动
600662,外服控股,业绩预告
600658,电子城,人事变动
600658,电子城,业绩预告
600658,电子城,出售/转让
600586,金晶科技,业绩预告
600586,金晶科技,质押/解押
600559,老白干酒,业绩预告
600549,厦门钨业,出售/转让
600549,厦门钨业,重大诉讼
600549,厦门钨业,业绩预告
600549,厦门钨业,并购重组
600549,厦门钨业,分红/增持/回购
600533,栖霞建设,业绩预告
600533,栖霞建设,人事变动
600531,豫光金铅,质押/解押
600531,豫光金铅,分红/增持/回购
600531,豫光金铅,人事变动
600531,豫光金铅,破产重整
600531,豫光金铅,业绩预告
600530,ST交昂,出售/转让
600530,ST交昂,重大诉讼
600530,ST交昂,业绩预告
600530,ST交昂,退市风险
600530,ST交昂,立案/处罚
600530,ST交昂,分红/增持/回购
600521,华海药业,重大诉讼
600521,华海药业,质押/解押
600521,华海药业,出售/转让
600521,华海药业,业绩预告
600521,华海药业,破产重整
600515,海南机场,破产重整
600515,海南机场,分红/增持/回购
600515,海南机场,业绩预告
600515,海南机场,质押/解押
600502,安徽建工,破产重整
600502,安徽建工,业绩预告
600502,安徽建工,重大诉讼
600502,安徽建工,立案/处罚
600488,津药药业,分红/增持/回购
600488,津药药业,人事变动
600480,凌云股份,业绩预告
600449,宁夏建材,人事变动
600449,宁夏建材,分红/增持/回购
600449,宁夏建材,出售/转让
600449,宁夏建材,业绩预告
600449,宁夏建材,破产重整
600403,大有能源,重大诉讼
600403,大有能源,业绩预告
600403,大有能源,并购重组
600403,大有能源,质押/解押
600403,大有能源,人事变动
600353,旭光电子,破产重整
600353,旭光电子,质押/解押
600353,旭光电子,业绩预告
600337,ST美克,重大诉讼
600337,ST美克,破产重整
600337,ST美克,并购重组
600337,ST美克,业绩预告
600337,ST美克,出售/转让
600326,西藏天路,重大诉讼
600326,西藏天路,业绩预告
600326,西藏天路,破产重整
600320,振华重工,分红/增持/回购
600320,振华重工,破产重整
600320,振华重工,业绩预告
600309,万华化学,质押/解押
600309,万华化学,业绩预告
600309,万华化学,分红/增持/回购
600301,华锡有色,业绩预告
600301,华锡有色,并购重组
600249,两面针,破产重整
600249,两面针,出售/转让
600249,两面针,业绩预告
600249,两面针,分红/增持/回购
600249,两面针,人事变动
600243,*ST海华,业绩预告
600221,海航控股,出售/转让
600221,海航控股,业绩预告
600207,安彩高科,业绩预告
600207,安彩高科,出售/转让
600198,大唐电信,人事变动
600198,大唐电信,出售/转让
600198,大唐电信,业绩预告
600198,大唐电信,重大诉讼
600196,复星医药,出售/转让
600196,复星医药,分红/增持/回购
600196,复星医药,质押/解押
600196,复星医药,业绩预告
600192,长城电工,人事变动
600192,长城电工,业绩预告
600192,长城电工,出售/转让
600153,建发股份,业绩预告
600151,航天机电,出售/转让
600151,航天机电,业绩预告
600150,中国船舶,分红/增持/回购
600150,中国船舶,业绩预告
600150,中国船舶,人事变动
600150,中国船舶,重大诉讼
600076,康欣新材,出售/转让
600076,康欣新材,业绩预告
600076,康欣新材,立案/处罚
600064,南京高科,分红/增持/回购
600064,南京高科,业绩预告
600064,南京高科,人事变动
600053,*ST九鼎,业绩预告
600053,*ST九鼎,质押/解押
600053,*ST九鼎,立案/处罚
301309,万得凯,并购重组
300808,久量股份,破产重整
300808,久量股份,并购重组
300808,久量股份,分红/增持/回购
300808,久量股份,出售/转让
300763,锦浪科技,业绩预告
300763,锦浪科技,出售/转让
300740,水羊股份,分红/增持/回购
300740,水羊股份,业绩预告
300740,水羊股份,质押/解押
300585,奥联电子,并购重组
300460,ST惠伦,人事变动
300460,ST惠伦,立案/处罚
300460,ST惠伦,重大诉讼
300424,航新科技,并购重组
300174,元力股份,并购重组
300174,元力股份,分红/增持/回购
300002,神州泰岳,分红/增持/回购
003037,三和管桩,质押/解押
003037,三和管桩,业绩预告
003037,三和管桩,人事变动
003013,地铁设计,破产重整
002986,宇新股份,业绩预告
002986,宇新股份,分红/增持/回购
002925,盈趣科技,业绩预告
002925,盈趣科技,质押/解押
002925,盈趣科技,人事变动
002925,盈趣科技,破产重整
002911,佛燃能源,业绩预告
002911,佛燃能源,重大诉讼
002907,华森制药,分红/增持/回购
002907,华森制药,业绩预告
002907,华森制药,出售/转让
002893,京能热力,破产重整
002893,京能热力,业绩预告
002893,京能热力,质押/解押
002873,新天药业,质押/解押
002873,新天药业,出售/转让
002869,金溢科技,业绩预告
002869,金溢科技,质押/解押
002727,一心堂,破产重整
002727,一心堂,分红/增持/回购
002717,*ST岭南,退市风险
002717,*ST岭南,重大诉讼
002717,*ST岭南,业绩预告
002717,*ST岭南,立案/处罚
002717,*ST岭南,破产重整
002705,新宝股份,业绩预告
002705,新宝股份,分红/增持/回购
002705,新宝股份,人事变动
002705,新宝股份,破产重整
002701,奥瑞金,质押/解押
002701,奥瑞金,分红/增持/回购
002701,奥瑞金,出售/转让
002655,共达电声,破产重整
002655,共达电声,业绩预告
002655,共达电声,分红/增持/回购
002614,奥佳华,业绩预告
002614,奥佳华,破产重整
002614,奥佳华,人事变动
002614,奥佳华,出售/转让
002600,领益智造,出售/转让
002600,领益智造,分红/增持/回购
002600,领益智造,破产重整
002600,领益智造,人事变动
002597,金禾实业,分红/增持/回购
002547,*ST春兴,重大诉讼
002547,*ST春兴,业绩预告
002547,*ST春兴,质押/解押
002547,*ST春兴,破产重整
002547,*ST春兴,分红/增持/回购
002508,老板电器,人事变动
002508,老板电器,破产重整
002508,老板电器,分红/增持/回购
002508,老板电器,并购重组
002506,协鑫集成,业绩预告
002506,协鑫集成,重大诉讼
002506,协鑫集成,质押/解押
002506,协鑫集成,人事变动
002501,*ST利源,重大诉讼
002501,*ST利源,并购重组
002501,*ST利源,分红/增持/回购
002501,*ST利源,业绩预告
002501,*ST利源,出售/转让
002501,*ST利源,人事变动
002424,ST百灵,立案/处罚
002424,ST百灵,分红/增持/回购
002424,ST百灵,人事变动
002397,梦洁股份,业绩预告
002397,梦洁股份,人事变动
002373,千方科技,分红/增持/回购
002373,千方科技,业绩预告
002373,千方科技,质押/解押
002352,顺丰控股,质押/解押
002352,顺丰控股,分红/增持/回购
002352,顺丰控股,破产重整
002296,辉煌科技,破产重整
002296,辉煌科技,分红/增持/回购
002294,信立泰,质押/解押
002294,信立泰,分红/增持/回购
002285,世联行,重大诉讼
002285,世联行,业绩预告
002285,世联行,出售/转让
002285,世联行,人事变动
002277,友阿股份,出售/转让
002277,友阿股份,分红/增持/回购
002277,友阿股份,并购重组
002277,友阿股份,业绩预告
002277,友阿股份,质押/解押
002200,交投生态,重大诉讼
002200,交投生态,人事变动
002200,交投生态,业绩预告
002168,ST惠程,重大诉讼
002168,ST惠程,出售/转让
002168,ST惠程,破产重整
002168,ST惠程,业绩预告
002159,三特索道,业绩预告
002159,三特索道,立案/处罚
002155,湖南黄金,并购重组
002155,湖南黄金,分红/增持/回购
002155,湖南黄金,出售/转让
002155,湖南黄金,破产重整
002155,湖南黄金,业绩预告
002155,湖南黄金,人事变动
002155,湖南黄金,立案/处罚
002136,安纳达,业绩预告
002136,安纳达,破产重整
002121,科陆电子,人事变动
002121,科陆电子,破产重整
002121,科陆电子,立案/处罚
002121,科陆电子,业绩预告
002121,科陆电子,重大诉讼
002111,威海广泰,出售/转让
002111,威海广泰,分红/增持/回购
002111,威海广泰,业绩预告
002111,威海广泰,并购重组
002097,山河智能,分红/增持/回购
002097,山河智能,业绩预告
002097,山河智能,破产重整
002090,金智科技,分红/增持/回购
002090,金智科技,质押/解押
002090,金智科技,重大诉讼
002052,同洲电子,业绩预告
002052,同洲电子,重大诉讼
002046,国机精工,人事变动
002046,国机精工,业绩预告
002046,国机精工,立案/处罚
002046,国机精工,并购重组
002046,国机精工,破产重整
002034,旺能环境,破产重整
002034,旺能环境,质押/解押
001696,宗申动力,并购重组
001696,宗申动力,业绩预告
001368,通达创智,分红/增持/回购
001368,通达创智,破产重整
001306,夏厦精密,业绩预告
001306,夏厦精密,人事变动
001306,夏厦精密,破产重整
001269,欧晶科技,业绩预告
001269,欧晶科技,并购重组
000937,冀中能源,质押/解押
000937,冀中能源,人事变动
000937,冀中能源,出售/转让
000913,钱江摩托,业绩预告
000913,钱江摩托,分红/增持/回购
000913,钱江摩托,破产重整
000892,欢瑞世纪,质押/解押
000892,欢瑞世纪,业绩预告
000859,国风新材,并购重组
000859,国风新材,业绩预告
000807,云铝股份,业绩预告
000807,云铝股份,破产重整
000807,云铝股份,分红/增持/回购
000807,云铝股份,人事变动
000761,本钢板材,业绩预告
000761,本钢板材,并购重组
000656,金科股份,破产重整
000656,金科股份,退市风险
000656,金科股份,业绩预告
000639,ST西王,分红/增持/回购
000639,ST西王,业绩预告
000639,ST西王,退市风险
000639,ST西王,并购重组
000586,汇源通信,业绩预告
000586,汇源通信,并购重组
000488,ST晨鸣,业绩预告
000488,ST晨鸣,质押/解押
000488,ST晨鸣,重大诉讼
000151,中成股份,破产重整
000151,中成股份,业绩预告
000151,中成股份,出售/转让
000151,中成股份,并购重组
000016,*ST康佳A,重大诉讼
000016,*ST康佳A,业绩预告
000016,*ST康佳A,退市风险
000006,深振业A,人事变动
000006,深振业A,破产重整
000006,深振业A,业绩预告
920961,创远信科,并购重组
920896,旺成科技,分红/增持/回购
920896,旺成科技,业绩预告
920873,中设咨询,重大诉讼
920873,中设咨询,出售/转让
920873,中设咨询,业绩预告
920857,泓禧科技,业绩预告
920675,秉扬科技,并购重组
920575,*ST康乐,重大诉讼
920575,*ST康乐,人事变动
920575,*ST康乐,破产重整
920229,世纪数码,破产重整
920229,世纪数码,出售/转让
920177,恒道科技,破产重整
920081,欧伦电气,出售/转让
920081,欧伦电气,分红/增持/回购
920081,欧伦电气,破产重整
920025,凯达重工,人事变动
920025,凯达重工,破产重整
920000,安徽凤凰,出售/转让
920000,安徽凤凰,人事变动
920000,安徽凤凰,分红/增持/回购
874360,世纪数码,破产重整
874360,世纪数码,出售/转让
874025,凯达重工,人事变动
874025,凯达重工,破产重整
688785,恒运昌,业绩预告
688727,恒坤新材,业绩预告
688716,中研股份,破产重整
688716,中研股份,分红/增持/回购
688716,中研股份,业绩预告
688668,鼎通科技,业绩预告
688668,鼎通科技,分红/增持/回购
688668,鼎通科技,人事变动
688629,华丰科技,出售/转让
688629,华丰科技,分红/增持/回购
688629,华丰科技,业绩预告
688627,精智达,业绩预告
688622,*ST禾信,业绩预告
688622,*ST禾信,并购重组
688577,浙海德曼,破产重整
688577,浙海德曼,业绩预告
688518,联赢激光,分红/增持/回购
688516,奥特维,破产重整
688516,奥特维,分红/增持/回购
688498,源杰科技,业绩预告
688498,源杰科技,分红/增持/回购
688488,艾迪药业,并购重组
688488,艾迪药业,分红/增持/回购
688466,金科环境,分红/增持/回购
688466,金科环境,立案/处罚
688466,金科环境,业绩预告
688466,金科环境,出售/转让
688466,金科环境,并购重组
688367,工大高科,分红/增持/回购
688367,工大高科,人事变动
688367,工大高科,破产重整
688334,西高院,人事变动
688334,西高院,分红/增持/回购
688334,西高院,业绩预告
688320,禾川科技,业绩预告
688320,禾川科技,出售/转让
688259,创耀科技,破产重整
688259,创耀科技,分红/增持/回购
688259,创耀科技,业绩预告
688215,瑞晟智能,出售/转让
688215,瑞晟智能,业绩预告
688201,ST信安,退市风险
688201,ST信安,分红/增持/回购
688201,ST信安,业绩预告
688173,希荻微,破产重整
688173,希荻微,业绩预告
688173,希荻微,重大诉讼
688121,*ST卓然,退市风险
688121,*ST卓然,立案/处罚
688121,*ST卓然,质押/解押
688121,*ST卓然,重大诉讼
688121,*ST卓然,并购重组
688121,*ST卓然,业绩预告
688121,*ST卓然,人事变动
688121,*ST卓然,分红/增持/回购
688121,*ST卓然,破产重整
688079,美迪凯,破产重整
688079,美迪凯,业绩预告
688021,奥福科技,业绩预告
688021,奥福科技,分红/增持/回购
688021,奥福科技,破产重整
605499,东鹏饮料,分红/增持/回购
605499,东鹏饮料,业绩预告
605337,李子园,分红/增持/回购
605337,李子园,业绩预告
605133,嵘泰股份,业绩预告
605056,咸亨国际,业绩预告
605056,咸亨国际,人事变动
605056,咸亨国际,破产重整
605028,世茂能源,出售/转让
605028,世茂能源,业绩预告
605028,世茂能源,破产重整
605028,世茂能源,分红/增持/回购
603982,泉峰汽车,质押/解押
603982,泉峰汽车,业绩预告
603979,金诚信,人事变动
603979,金诚信,分红/增持/回购
603979,金诚信,破产重整
603979,金诚信,业绩预告
603918,金桥信息,业绩预告
603900,莱绅通灵,业绩预告
603880,南卫股份,出售/转让
603880,南卫股份,质押/解押
603880,南卫股份,业绩预告
603863,松炀资源,业绩预告
603863,松炀资源,质押/解押
603859,能科科技,业绩预告
603859,能科科技,分红/增持/回购
603811,诚意药业,破产重整
603811,诚意药业,业绩预告
603768,常青股份,质押/解押
603768,常青股份,业绩预告
603768,常青股份,破产重整
603686,福龙马,人事变动
603686,福龙马,业绩预告
603686,福龙马,并购重组
603638,艾迪精密,质押/解押
603638,艾迪精密,分红/增持/回购
603638,艾迪精密,人事变动
603638,艾迪精密,业绩预告
603613,国联股份,业绩预告
603613,国联股份,破产重整
603601,再升科技,业绩预告
603596,伯特利,分红/增持/回购
603596,伯特利,业绩预告
603588,高能环境,业绩预告
603588,高能环境,分红/增持/回购
603529,爱玛科技,分红/增持/回购
603529,爱玛科技,破产重整
603529,爱玛科技,人事变动
603529,爱玛科技,业绩预告
603501,豪威集团,分红/增持/回购
603501,豪威集团,质押/解押
603501,豪威集团,业绩预告
603499,翔港科技,出售/转让
603398,*ST沐邦,破产重整
603398,*ST沐邦,重大诉讼
603398,*ST沐邦,业绩预告
603366,日出东方,业绩预告
603266,天龙股份,人事变动
603266,天龙股份,质押/解押
603266,天龙股份,出售/转让
603266,天龙股份,业绩预告
603223,恒通股份,分红/增持/回购
603223,恒通股份,业绩预告
603223,恒通股份,破产重整
603139,康惠股份,重大诉讼
603139,康惠股份,业绩预告
603139,康惠股份,出售/转让
603123,翠微股份,破产重整
603123,翠微股份,业绩预告
603123,翠微股份,人事变动
603101,汇嘉时代,业绩预告
603101,汇嘉时代,并购重组
603101,汇嘉时代,质押/解押
603078,江化微,质押/解押
603078,江化微,并购重组
603078,江化微,破产重整
603078,江化微,出售/转让
603078,江化微,分红/增持/回购
603073,彩蝶实业,业绩预告
603062,麦加芯彩,业绩预告
603062,麦加芯彩,分红/增持/回购
603042,华脉科技,业绩预告
603042,华脉科技,人事变动
603042,华脉科技,出售/转让
603042,华脉科技,破产重整
603001,奥康国际,质押/解押
603001,奥康国际,业绩预告
603001,奥康国际,出售/转让
601992,金隅集团,分红/增持/回购
601992,金隅集团,业绩预告
601992,金隅集团,人事变动
601952,苏垦农发,业绩预告
601952,苏垦农发,分红/增持/回购
601952,苏垦农发,人事变动
601952,苏垦农发,出售/转让
601718,ST际华,破产重整
601718,ST际华,人事变动
601718,ST际华,分红/增持/回购
601718,ST际华,业绩预告
601718,ST际华,出售/转让
601718,ST际华,立案/处罚
601236,红塔证券,分红/增持/回购
601236,红塔证券,业绩预告
601163,三角轮胎,分红/增持/回购
601163,三角轮胎,业绩预告
601096,宏盛华源,业绩预告
601096,宏盛华源,分红/增持/回购
601096,宏盛华源,人事变动
601021,春秋航空,分红/增持/回购
601021,春秋航空,人事变动
601021,春秋航空,业绩预告
600982,宁波能源,破产重整
600982,宁波能源,人事变动
600982,宁波能源,业绩预告
600971,恒源煤电,分红/增持/回购
600971,恒源煤电,业绩预告
600971,恒源煤电,人事变动
600969,郴电国际,重大诉讼
600969,郴电国际,业绩预告
600969,郴电国际,人事变动
600917,重庆燃气,破产重整
600917,重庆燃气,人事变动
600917,重庆燃气,业绩预告
600917,重庆燃气,分红/增持/回购
600810,神马股份,分红/增持/回购
600810,神马股份,业绩预告
600790,轻纺城,破产重整
600790,轻纺城,分红/增持/回购
600790,轻纺城,业绩预告
600790,轻纺城,人事变动
600787,中储股份,破产重整
600787,中储股份,分红/增持/回购
600787,中储股份,人事变动
600769,祥龙电业,破产重整
600769,祥龙电业,业绩预告
600757,长江传媒,业绩预告
600757,长江传媒,分红/增持/回购
600749,西藏旅游,业绩预告
600717,天津港,破产重整
600717,天津港,并购重组
600713,南京医药,分红/增持/回购
600713,南京医药,业绩预告
600691,潞化科技,业绩预告
600691,潞化科技,人事变动
600667,太极实业,破产重整
600667,太极实业,重大诉讼
600667,太极实业,分红/增持/回购
600667,太极实业,业绩预告
600655,豫园股份,分红/增持/回购
600655,豫园股份,业绩预告
600655,豫园股份,质押/解押
600655,豫园股份,破产重整
600650,锦江在线,分红/增持/回购
600633,浙数文化,破产重整
600633,浙数文化,业绩预告
600633,浙数文化,分红/增持/回购
600605,汇通能源,质押/解押
600605,汇通能源,业绩预告
600584,长电科技,业绩预告
600584,长电科技,分红/增持/回购
600584,长电科技,破产重整
600584,长电科技,立案/处罚
600577,精达股份,业绩预告
600577,精达股份,分红/增持/回购
600577,精达股份,立案/处罚
600551,时代出版,业绩预告
600551,时代出版,人事变动
600551,时代出版,分红/增持/回购
600551,时代出版,破产重整
600548,深高速,人事变动
600548,深高速,分红/增持/回购
600548,深高速,业绩预告
600548,深高速,破产重整
600529,山东药玻,并购重组
600529,山东药玻,分红/增持/回购
600529,山东药玻,业绩预告
600529,山东药玻,人事变动
600513,联环药业,分红/增持/回购
600513,联环药业,业绩预告
600489,中金黄金,业绩预告
600489,中金黄金,分红/增持/回购
600489,中金黄金,人事变动
600397,江钨装备,业绩预告
600397,江钨装备,并购重组
600397,江钨装备,出售/转让
600380,健康元,业绩预告
600380,健康元,分红/增持/回购
600380,健康元,人事变动
600378,昊华科技,出售/转让
600378,昊华科技,破产重整
600378,昊华科技,业绩预告
600369,西南证券,分红/增持/回购
600369,西南证券,人事变动
600369,西南证券,破产重整
600369,西南证券,业绩预告
600360,华微电子,分红/增持/回购
600350,山东高速,分红/增持/回购
600350,山东高速,业绩预告
600338,西藏珠峰,分红/增持/回购
600338,西藏珠峰,业绩预告
600292,电投水电,业绩预告
600292,电投水电,并购重组
600292,电投水电,人事变动
600276,恒瑞医药,分红/增持/回购
600276,恒瑞医药,业绩预告
600261,阳光照明,业绩预告
600252,中恒集团,人事变动
600252,中恒集团,分红/增持/回购
600252,中恒集团,立案/处罚
600252,中恒集团,业绩预告
600252,中恒集团,出售/转让
600252,中恒集团,并购重组
600252,中恒集团,破产重整
600223,福瑞达,分红/增持/回购
600223,福瑞达,出售/转让
600223,福瑞达,业绩预告
600195,中牧股份,分红/增持/回购
600195,中牧股份,业绩预告
600159,大龙地产,破产重整
600159,大龙地产,业绩预告
600129,太极集团,质押/解押
600129,太极集团,出售/转让
600129,太极集团,人事变动
600129,太极集团,业绩预告
600051,宁波联合,业绩预告
600033,福建高速,破产重整
600033,福建高速,分红/增持/回购
600033,福建高速,业绩预告
600033,福建高速,人事变动
600032,浙江新能,业绩预告
600032,浙江新能,分红/增持/回购
600012,皖通高速,人事变动
600012,皖通高速,分红/增持/回购
600012,皖通高速,业绩预告
301613,新铝时代,并购重组
301613,新铝时代,业绩预告
301613,新铝时代,破产重整
301592,六九一二,业绩预告
301592,六九一二,质押/解押
301419,阿莱德,破产重整
301419,阿莱德,并购重组
301293,三博脑科,人事变动
301293,三博脑科,破产重整
301268,铭利达,质押/解押
301268,铭利达,人事变动
301181,标榜股份,破产重整
301181,标榜股份,人事变动
301181,标榜股份,分红/增持/回购
301165,锐捷网络,业绩预告
301165,锐捷网络,立案/处罚
301165,锐捷网络,分红/增持/回购
301138,华研精机,分红/增持/回购
301030,*ST仕净,重大诉讼
301030,*ST仕净,破产重整
301030,*ST仕净,退市风险
301030,*ST仕净,立案/处罚
300997,欢乐家,质押/解押
300997,欢乐家,并购重组
300992,泰福泵业,分红/增持/回购
300992,泰福泵业,并购重组
300992,泰福泵业,出售/转让
300903,科翔股份,质押/解押
300857,协创数据,立案/处罚
300857,协创数据,业绩预告
300857,协创数据,质押/解押
300840,酷特智能,并购重组
300817,双飞集团,分红/增持/回购
300817,双飞集团,人事变动
300817,双飞集团,破产重整
300793,佳禾智能,并购重组
300786,国林科技,出售/转让
300700,岱勒新材,质押/解押
300700,岱勒新材,业绩预告
300700,岱勒新材,人事变动
300686,智动力,重大诉讼
300686,智动力,质押/解押
300682,朗新科技,质押/解押
300682,朗新科技,破产重整
300676,华大基因,分红/增持/回购
300676,华大基因,质押/解押
300660,江苏雷利,人事变动
300660,江苏雷利,业绩预告
300660,江苏雷利,分红/增持/回购
300584,海辰药业,人事变动
300584,海辰药业,并购重组
300543,朗科智能,并购重组
300497,富祥股份,质押/解押
300497,富祥股份,分红/增持/回购
300497,富祥股份,立案/处罚
300497,富祥股份,业绩预告
300471,厚普股份,重大诉讼
300471,厚普股份,质押/解押
300456,赛微电子,质押/解押
300456,赛微电子,并购重组
300456,赛微电子,人事变动
300456,赛微电子,破产重整
300440,运达科技,人事变动
300440,运达科技,质押/解押
300440,运达科技,破产重整
300433,蓝思科技,分红/增持/回购
300433,蓝思科技,并购重组
300433,蓝思科技,业绩预告
300385,ST雪浪,重大诉讼
300374,中铁装配,人事变动
300374,中铁装配,重大诉讼
300374,中铁装配,立案/处罚
300345,华民股份,质押/解押
300345,华民股份,业绩预告
300298,三诺生物,分红/增持/回购
300298,三诺生物,人事变动
300298,三诺生物,业绩预告
300298,三诺生物,质押/解押
300275,梅安森,并购重组
300275,梅安森,出售/转让
300275,梅安森,业绩预告
300238,冠昊生物,人事变动
300238,冠昊生物,破产重整
300236,上海新阳,出售/转让
300236,上海新阳,质押/解押
300203,聚光科技,分红/增持/回购
300203,聚光科技,质押/解押
300122,智飞生物,质押/解押
300122,智飞生物,分红/增持/回购
300122,智飞生物,业绩预告
300095,华伍股份,出售/转让
300095,华伍股份,破产重整
300095,华伍股份,分红/增持/回购
300086,康芝药业,破产重整
300086,康芝药业,质押/解押
300086,康芝药业,立案/处罚
300069,金利华电,并购重组
300044,*ST赛为,质押/解押
300044,*ST赛为,破产重整
300027,ST华谊,破产重整
300027,ST华谊,重大诉讼
002985,北摩高科,分红/增持/回购
002985,北摩高科,破产重整
002980,华盛昌,出售/转让
002980,华盛昌,并购重组
002980,华盛昌,业绩预告
002980,华盛昌,人事变动
002980,华盛昌,破产重整
002965,祥鑫科技,并购重组
002965,祥鑫科技,业绩预告
002875,安奈儿,分红/增持/回购
002875,安奈儿,业绩预告
002811,郑中设计,重大诉讼
002811,郑中设计,破产重整
002811,郑中设计,分红/增持/回购
002742,冀衡医药,破产重整
002742,冀衡医药,业绩预告
002599,盛通股份,业绩预告
002599,盛通股份,人事变动
002599,盛通股份,破产重整
002599,盛通股份,出售/转让
002584,西陇科学,业绩预告
002584,西陇科学,质押/解押
002537,海联金汇,人事变动
002537,海联金汇,分红/增持/回购
002528,*ST英飞,出售/转让
002528,*ST英飞,业绩预告
002528,*ST英飞,立案/处罚
002528,*ST英飞,退市风险
002528,*ST英飞,重大诉讼
002528,*ST英飞,人事变动
002528,*ST英飞,破产重整
002387,维信诺,业绩预告
002387,维信诺,破产重整
002368,太极股份,业绩预告
002368,太极股份,人事变动
002368,太极股份,重大诉讼
002360,ST同德,业绩预告
002360,ST同德,破产重整
002360,ST同德,质押/解押
002360,ST同德,重大诉讼
002360,ST同德,出售/转让
002287,奇正藏药,破产重整
002287,奇正藏药,质押/解押
002287,奇正藏药,分红/增持/回购
002240,盛新锂能,业绩预告
002240,盛新锂能,质押/解押
002240,盛新锂能,破产重整
002237,恒邦股份,业绩预告
002237,恒邦股份,人事变动
002233,塔牌集团,业绩预告
002233,塔牌集团,分红/增持/回购
002223,鱼跃医疗,分红/增持/回购
002219,新里程,并购重组
002219,新里程,分红/增持/回购
002172,澳洋健康,质押/解押
002138,顺络电子,重大诉讼
002138,顺络电子,质押/解押
002083,孚日股份,业绩预告
002083,孚日股份,分红/增持/回购
002083,孚日股份,并购重组
002083,孚日股份,出售/转让
002083,孚日股份,人事变动
002083,孚日股份,质押/解押
002079,苏州固锝,分红/增持/回购
002079,苏州固锝,业绩预告
002079,苏州固锝,重大诉讼
002079,苏州固锝,人事变动
002079,苏州固锝,破产重整
002049,紫光国微,分红/增持/回购
002049,紫光国微,并购重组
002049,紫光国微,人事变动
002049,紫光国微,破产重整
001328,登康口腔,业绩预告
001328,登康口腔,分红/增持/回购
001314,亿道信息,并购重组
001314,亿道信息,破产重整
001314,亿道信息,业绩预告
001232,嘉立创,分红/增持/回购
001232,嘉立创,破产重整
000928,中钢国际,人事变动
000928,中钢国际,业绩预告
000877,天山股份,业绩预告
000877,天山股份,破产重整
000877,天山股份,出售/转让
000877,天山股份,人事变动
000793,ST华闻,破产重整
000793,ST华闻,退市风险
000793,ST华闻,业绩预告
000793,ST华闻,立案/处罚
000793,ST华闻,重大诉讼
000793,ST华闻,并购重组
000785,居然智家,质押/解押
000785,居然智家,并购重组
000762,西藏矿业,业绩预告
000762,西藏矿业,分红/增持/回购
000711,京蓝科技,业绩预告
000711,京蓝科技,退市风险
000711,京蓝科技,重大诉讼
000711,京蓝科技,立案/处罚
000711,京蓝科技,质押/解押
000698,ST沈化,人事变动
000698,ST沈化,业绩预告
000698,ST沈化,立案/处罚
000625,长安汽车,分红/增持/回购
000625,长安汽车,业绩预告
000625,长安汽车,破产重整
000625,长安汽车,并购重组
000625,长安汽车,人事变动
000582,北部湾港,人事变动
000582,北部湾港,分红/增持/回购
000564,供销大集,分红/增持/回购
000564,供销大集,并购重组
000564,供销大集,重大诉讼
000553,安道麦A,重大诉讼
000553,安道麦A,业绩预告
000553,安道麦A,人事变动
000525,红太阳,业绩预告
000525,红太阳,人事变动
000509,华塑控股,业绩预告
000509,华塑控股,重大诉讼
000509,华塑控股,人事变动
000430,张家界,业绩预告
000430,张家界,人事变动
000430,张家界,质押/解押
000408,藏格矿业,业绩预告
000408,藏格矿业,分红/增持/回购
000408,藏格矿业,质押/解押
000408,藏格矿业,破产重整
000408,藏格矿业,人事变动
000408,藏格矿业,并购重组
000400,许继电气,分红/增持/回购
000400,许继电气,业绩预告
000158,常山北明,质押/解押
000158,常山北明,破产重整
000158,常山北明,业绩预告
000049,德赛电池,业绩预告
000049,德赛电池,破产重整
000026,飞亚达,并购重组
000026,飞亚达,人事变动
920685,新芝生物,人事变动
920685,新芝生物,并购重组
920519,万德股份,分红/增持/回购
920370,新安洁,重大诉讼
920370,新安洁,人事变动
920370,新安洁,业绩预告
920165,珈凯生物,出售/转让
920165,珈凯生物,分红/增持/回购
920165,珈凯生物,破产重整
688797,臻宝科技,破产重整
688797,臻宝科技,业绩预告
688682,霍莱沃,质押/解押
688682,霍莱沃,业绩预告
688676,金盘科技,分红/增持/回购
688676,金盘科技,破产重整
688676,金盘科技,业绩预告
688608,恒玄科技,分红/增持/回购
688602,康鹏科技,分红/增持/回购
688602,康鹏科技,出售/转让
688602,康鹏科技,并购重组
688576,西山科技,人事变动
688576,西山科技,业绩预告
688569,铁科轨道,破产重整
688569,铁科轨道,分红/增持/回购
688566,吉贝尔,分红/增持/回购
688566,吉贝尔,人事变动
688566,吉贝尔,业绩预告
688566,吉贝尔,破产重整
688565,力源科技,破产重整
688565,力源科技,业绩预告
688565,力源科技,人事变动
688562,航天软件,出售/转让
688562,航天软件,破产重整
688562,航天软件,业绩预告
688552,航天南湖,人事变动
688552,航天南湖,业绩预告
688533,上声电子,业绩预告
688509,正元地信,业绩预告
688468,科美诊断,业绩预告
688410,山外山,分红/增持/回购
688410,山外山,业绩预告
688386,泛亚微透,并购重组
688386,泛亚微透,分红/增持/回购
688386,泛亚微透,业绩预告
688361,中科飞测,业绩预告
688343,云天励飞,业绩预告
688343,云天励飞,人事变动
688329,艾隆科技,业绩预告
688253,英诺特,业绩预告
688253,英诺特,人事变动
688252,天德钰,业绩预告
688252,天德钰,人事变动
688252,天德钰,分红/增持/回购
688252,天德钰,破产重整
688219,会通股份,分红/增持/回购
688219,会通股份,质押/解押
688219,会通股份,业绩预告
688208,道通科技,破产重整
688208,道通科技,人事变动
688208,道通科技,分红/增持/回购
688208,道通科技,业绩预告
688157,松井股份,分红/增持/回购
688157,松井股份,破产重整
688157,松井股份,业绩预告
688153,唯捷创芯,分红/增持/回购
688153,唯捷创芯,质押/解押
688153,唯捷创芯,业绩预告
688133,泰坦科技,重大诉讼
688133,泰坦科技,业绩预告
688001,华兴源创,分红/增持/回购
688001,华兴源创,并购重组
688001,华兴源创,业绩预告
688001,华兴源创,出售/转让
605580,恒盛能源,人事变动
605580,恒盛能源,破产重整
605580,恒盛能源,业绩预告
605179,一鸣食品,人事变动
605179,一鸣食品,破产重整
605179,一鸣食品,分红/增持/回购
605179,一鸣食品,业绩预告
605169,洪通燃气,人事变动
605117,德业股份,业绩预告
605117,德业股份,分红/增持/回购
605020,永和股份,业绩预告
605020,永和股份,分红/增持/回购
605020,永和股份,人事变动
605020,永和股份,破产重整
605020,永和股份,立案/处罚
603976,正川股份,出售/转让
603976,正川股份,质押/解押
603976,正川股份,破产重整
603976,正川股份,业绩预告
603939,益丰药房,破产重整
603939,益丰药房,分红/增持/回购
603939,益丰药房,业绩预告
603885,吉祥航空,质押/解押
603885,吉祥航空,分红/增持/回购
603885,吉祥航空,人事变动
603885,吉祥航空,破产重整
603885,吉祥航空,业绩预告
603868,飞科电器,分红/增持/回购
603868,飞科电器,业绩预告
603858,步长制药,人事变动
603858,步长制药,出售/转让
603858,步长制药,质押/解押
603858,步长制药,分红/增持/回购
603858,步长制药,业绩预告
603828,*ST利达,质押/解押
603828,*ST利达,退市风险
603828,*ST利达,业绩预告
603828,*ST利达,重大诉讼
603828,*ST利达,立案/处罚
603810,丰山集团,业绩预告
603810,丰山集团,分红/增持/回购
603778,国晟科技,重大诉讼
603778,国晟科技,业绩预告
603778,国晟科技,质押/解押
603719,良品铺子,人事变动
603719,良品铺子,破产重整
603719,良品铺子,业绩预告
603717,天域生物,破产重整
603717,天域生物,业绩预告
603717,天域生物,立案/处罚
603717,天域生物,重大诉讼
603669,灵康药业,业绩预告
603662,柯力传感,分红/增持/回购
603662,柯力传感,业绩预告
603602,纵横通信,出售/转让
603602,纵横通信,质押/解押
603602,纵横通信,业绩预告
603569,长久物流,分红/增持/回购
603569,长久物流,质押/解押
603569,长久物流,业绩预告
603518,锦泓集团,分红/增持/回购
603518,锦泓集团,质押/解押
603518,锦泓集团,业绩预告
603505,金石资源,分红/增持/回购
603505,金石资源,质押/解押
603505,金石资源,业绩预告
603416,信捷电气,分红/增持/回购
603416,信捷电气,业绩预告
603416,信捷电气,质押/解押
603409,汇通控股,业绩预告
603409,汇通控股,质押/解押
603399,永杉锂业,业绩预告
603381,永臻股份,分红/增持/回购
603381,永臻股份,业绩预告
603360,百傲化学,分红/增持/回购
603360,百傲化学,质押/解押
603360,百傲化学,业绩预告
603318,水发燃气,业绩预告
603318,水发燃气,人事变动
603318,水发燃气,重大诉讼
603257,中国瑞林,业绩预告
603218,日月股份,分红/增持/回购
603218,日月股份,人事变动
603218,日月股份,破产重整
603218,日月股份,业绩预告
603182,嘉华股份,分红/增持/回购
603182,嘉华股份,并购重组
603182,嘉华股份,业绩预告
603159,上海亚虹,业绩预告
603159,上海亚虹,并购重组
603159,上海亚虹,出售/转让
603100,川仪股份,业绩预告
603100,川仪股份,并购重组
603100,川仪股份,立案/处罚
603100,川仪股份,出售/转让
603100,川仪股份,人事变动
603051,鹿山新材,业绩预告
603051,鹿山新材,分红/增持/回购
603031,安孚科技,业绩预告
603031,安孚科技,分红/增持/回购
603031,安孚科技,并购重组
603031,安孚科技,破产重整
603030,全筑股份,破产重整
603030,全筑股份,业绩预告
603013,亚普股份,人事变动
603013,亚普股份,破产重整
603013,亚普股份,分红/增持/回购
603013,亚普股份,业绩预告
601995,中金公司,业绩预告
601995,中金公司,并购重组
601995,中金公司,分红/增持/回购
601777,千里科技,分红/增持/回购
601777,千里科技,业绩预告
601678,滨化股份,业绩预告
601678,滨化股份,出售/转让
601678,滨化股份,分红/增持/回购
601678,滨化股份,人事变动
601678,滨化股份,质押/解押
601658,邮储银行,人事变动
601658,邮储银行,分红/增持/回购
601658,邮储银行,业绩预告
601600,中国铝业,业绩预告
601600,中国铝业,分红/增持/回购
601600,中国铝业,破产重整
601179,中国西电,业绩预告
601179,中国西电,分红/增持/回购
601158,重庆水务,人事变动
601158,重庆水务,并购重组
601158,重庆水务,业绩预告
601026,道生天合,分红/增持/回购
601026,道生天合,业绩预告
601008,连云港,分红/增持/回购
601008,连云港,业绩预告
600995,南网储能,业绩预告
600995,南网储能,分红/增持/回购
600995,南网储能,出售/转让
600980,北矿科技,业绩预告
600980,北矿科技,分红/增持/回购
600980,北矿科技,破产重整
600979,广安爱众,重大诉讼
600979,广安爱众,业绩预告
600939,重庆建工,重大诉讼
600939,重庆建工,业绩预告
600887,伊利股份,业绩预告
600887,伊利股份,分红/增持/回购
600881,亚泰集团,并购重组
600881,亚泰集团,业绩预告
600881,亚泰集团,破产重整
600881,亚泰集团,重大诉讼
600881,亚泰集团,人事变动
600818,ST中路,退市风险
600818,ST中路,业绩预告
600818,ST中路,重大诉讼
600818,ST中路,立案/处罚
600798,宁波海运,分红/增持/回购
600798,宁波海运,业绩预告
600798,宁波海运,人事变动
600778,友好集团,破产重整
600778,友好集团,业绩预告
600763,通策医疗,分红/增持/回购
600763,通策医疗,并购重组
600763,通策医疗,质押/解押
600763,通策医疗,业绩预告
600758,辽宁能源,人事变动
600758,辽宁能源,破产重整
600758,辽宁能源,业绩预告
600711,盛屯矿业,并购重组
600711,盛屯矿业,业绩预告
600711,盛屯矿业,分红/增持/回购
600711,盛屯矿业,破产重整
600711,盛屯矿业,质押/解押
600674,川投能源,分红/增持/回购
600674,川投能源,人事变动
600674,川投能源,破产重整
600674,川投能源,并购重组
600674,川投能源,业绩预告
600673,东阳光,并购重组
600673,东阳光,质押/解押
600673,东阳光,分红/增持/回购
600660,福耀玻璃,业绩预告
600660,福耀玻璃,分红/增持/回购
600653,申华控股,分红/增持/回购
600653,申华控股,业绩预告
600590,泰豪科技,质押/解押
600590,泰豪科技,破产重整
600590,泰豪科技,业绩预告
600585,海螺水泥,分红/增持/回购
600585,海螺水泥,并购重组
600585,海螺水泥,人事变动
600585,海螺水泥,业绩预告
600585,海螺水泥,破产重整
600575,淮河能源,业绩预告
600536,中国软件,业绩预告
600536,中国软件,出售/转让
600506,统一股份,业绩预告
600506,统一股份,破产重整
600415,小商品城,分红/增持/回购
600415,小商品城,业绩预告
600383,金地集团,破产重整
600383,金地集团,业绩预告
600382,广东明珠,质押/解押
600382,广东明珠,分红/增持/回购
600382,广东明珠,并购重组
600382,广东明珠,业绩预告
600382,广东明珠,重大诉讼
600375,汉马科技,破产重整
600375,汉马科技,出售/转让
600375,汉马科技,业绩预告
600351,亚宝药业,分红/增持/回购
600351,亚宝药业,业绩预告
600351,亚宝药业,质押/解押
600302,ST标准,退市风险
600302,ST标准,业绩预告
600302,ST标准,人事变动
600302,ST标准,破产重整
600287,苏豪时尚,并购重组
600287,苏豪时尚,业绩预告
600284,浦东建设,出售/转让
600284,浦东建设,业绩预告
600271,航天信息,业绩预告
600271,航天信息,人事变动
600239,ST云城,分红/增持/回购
600239,ST云城,破产重整
600239,ST云城,业绩预告
600239,ST云城,并购重组
600239,ST云城,人事变动
600210,紫江企业,分红/增持/回购
600210,紫江企业,业绩预告
600167,联美控股,重大诉讼
600167,联美控股,分红/增持/回购
600167,联美控股,人事变动
600167,联美控股,质押/解押
600161,天坛生物,业绩预告
600161,天坛生物,分红/增持/回购
600160,巨化股份,破产重整
600160,巨化股份,分红/增持/回购
600160,巨化股份,人事变动
600160,巨化股份,业绩预告
600143,金发科技,分红/增持/回购
600143,金发科技,业绩预告
600119,*ST长投,业绩预告
600119,*ST长投,重大诉讼
600119,*ST长投,出售/转让
600116,三峡水利,破产重整
600116,三峡水利,业绩预告
600116,三峡水利,分红/增持/回购
600116,三峡水利,人事变动
600107,*ST尔雅,人事变动
600107,*ST尔雅,退市风险
600107,*ST尔雅,重大诉讼
600107,*ST尔雅,质押/解押
600107,*ST尔雅,业绩预告
600098,广州发展,业绩预告
600031,三一重工,破产重整
600031,三一重工,分红/增持/回购
600031,三一重工,业绩预告
600006,东风股份,业绩预告
301618,长联科技,分红/增持/回购
301533,威马农机,分红/增持/回购
301533,威马农机,破产重整
301533,威马农机,业绩预告
301396,宏景科技,质押/解押
301396,宏景科技,分红/增持/回购
301390,经纬股份,并购重组
301390,经纬股份,出售/转让
301387,光大同创,人事变动
301387,光大同创,分红/增持/回购
301387,光大同创,质押/解押
301377,鼎泰高科,出售/转让
301377,鼎泰高科,业绩预告
301377,鼎泰高科,人事变动
301377,鼎泰高科,分红/增持/回购
301377,鼎泰高科,破产重整
301369,联动科技,并购重组
301369,联动科技,业绩预告
301369,联动科技,分红/增持/回购
301365,矩阵股份,重大诉讼
301365,矩阵股份,分红/增持/回购
301365,矩阵股份,破产重整
301329,信音电子,业绩预告
301329,信音电子,分红/增持/回购
301303,真兰仪表,并购重组
301303,真兰仪表,分红/增持/回购
301263,泰恩康,分红/增持/回购
301263,泰恩康,质押/解押
301261,恒工精密,分红/增持/回购
301261,恒工精密,立案/处罚
301238,瑞泰新材,分红/增持/回购
301238,瑞泰新材,并购重组
301182,凯旺科技,分红/增持/回购
301182,凯旺科技,立案/处罚
301182,凯旺科技,出售/转让
301182,凯旺科技,质押/解押
301118,恒光股份,破产重整
301118,恒光股份,出售/转让
301118,恒光股份,业绩预告
301107,瑜欣电子,业绩预告
301106,骏成科技,并购重组
301073,君亭酒店,并购重组
301073,君亭酒店,分红/增持/回购
301068,大地海洋,业绩预告
301068,大地海洋,分红/增持/回购
301062,上海艾录,业绩预告
301062,上海艾录,人事变动
301062,上海艾录,破产重整
301061,匠心家居,分红/增持/回购
301022,海泰科,分红/增持/回购
301022,海泰科,并购重组
301022,海泰科,人事变动
300972,万辰集团,人事变动
300972,万辰集团,分红/增持/回购
300972,万辰集团,破产重整
300938,信测标准,出售/转让
300912,凯龙高科,并购重组
300912,凯龙高科,质押/解押
300877,金春股份,分红/增持/回购
300848,美瑞新材,质押/解押
300658,延江股份,分红/增持/回购
300658,延江股份,质押/解押
300577,开润股份,分红/增持/回购
300577,开润股份,破产重整
300525,博思软件,质押/解押
300525,博思软件,人事变动
300525,博思软件,出售/转让
300510,金冠股份,立案/处罚
300510,金冠股份,人事变动
300488,恒锋工具,人事变动
300488,恒锋工具,分红/增持/回购
300487,蓝晓科技,分红/增持/回购
300487,蓝晓科技,质押/解押
300453,三鑫医疗,破产重整
300453,三鑫医疗,分红/增持/回购
300363,博腾股份,业绩预告
300363,博腾股份,分红/增持/回购
300363,博腾股份,破产重整
300363,博腾股份,质押/解押
300360,炬华科技,出售/转让
300340,科恒股份,重大诉讼
300340,科恒股份,破产重整
300340,科恒股份,质押/解押
300320,海达股份,业绩预告
300320,海达股份,分红/增持/回购
300320,海达股份,人事变动
300320,海达股份,破产重整
300243,瑞丰高材,人事变动
300243,瑞丰高材,并购重组
300243,瑞丰高材,出售/转让
300221,银禧科技,业绩预告
300221,银禧科技,分红/增持/回购
300221,银禧科技,人事变动
300194,福安药业,人事变动
300194,福安药业,业绩预告
300173,ST福能,重大诉讼
300167,ST迪威迅,破产重整
300092,科新机电,人事变动
300092,科新机电,破产重整
300017,网宿科技,分红/增持/回购
300017,网宿科技,出售/转让
300010,ST豆神,退市风险
300010,ST豆神,破产重整
300010,ST豆神,重大诉讼
300006,莱美药业,出售/转让
300006,莱美药业,业绩预告
003006,百亚股份,分红/增持/回购
003006,百亚股份,人事变动
003006,百亚股份,业绩预告
003000,劲仔食品,分红/增持/回购
003000,劲仔食品,业绩预告
002996,顺博合金,业绩预告
002975,博杰股份,出售/转让
002975,博杰股份,业绩预告
002975,博杰股份,并购重组
002975,博杰股份,质押/解押
002968,新大正,并购重组
002968,新大正,破产重整
002968,新大正,业绩预告
002872,ST天圣,质押/解押
002872,ST天圣,业绩预告
002765,蓝黛科技,业绩预告
002723,小崧股份,人事变动
002723,小崧股份,出售/转让
002723,小崧股份,破产重整
002723,小崧股份,业绩预告
002723,小崧股份,重大诉讼
002723,小崧股份,立案/处罚
002713,东易日盛,业绩预告
002713,东易日盛,退市风险
002713,东易日盛,破产重整
002713,东易日盛,质押/解押
002713,东易日盛,人事变动
002713,东易日盛,并购重组
002579,中京电子,业绩预告
002579,中京电子,质押/解押
002577,雷柏科技,分红/增持/回购
002577,雷柏科技,出售/转让
002507,涪陵榨菜,分红/增持/回购
002507,涪陵榨菜,人事变动
002507,涪陵榨菜,业绩预告
002462,嘉事堂,破产重整
002462,嘉事堂,分红/增持/回购
002462,嘉事堂,并购重组
002455,百川股份,质押/解押
002455,百川股份,破产重整
002400,省广集团,出售/转让
002345,潮宏基,分红/增持/回购
002320,海峡股份,破产重整
002320,海峡股份,人事变动
002320,海峡股份,业绩预告
002314,南山控股,破产重整
002314,南山控股,并购重组
002314,南山控股,业绩预告
002314,南山控股,重大诉讼
002211,ST宏达,业绩预告
002211,ST宏达,出售/转让
002211,ST宏达,立案/处罚
002128,电投能源,人事变动
002128,电投能源,并购重组
002128,电投能源,业绩预告
002128,电投能源,分红/增持/回购
002004,华邦健康,分红/增持/回购
002004,华邦健康,质押/解押
002004,华邦健康,业绩预告
001317,三羊马,质押/解押
001317,三羊马,业绩预告
001317,三羊马,人事变动
001317,三羊马,立案/处罚
001296,长江材料,分红/增持/回购
001296,长江材料,业绩预告
001213,中铁特货,人事变动
001213,中铁特货,分红/增持/回购
000889,中嘉博创,业绩预告
000889,中嘉博创,重大诉讼
000889,中嘉博创,质押/解押
000882,华联股份,分红/增持/回购
000882,华联股份,业绩预告
000882,华联股份,质押/解押
000688,国城矿业,质押/解押
000688,国城矿业,业绩预告
000688,国城矿业,分红/增持/回购
000688,国城矿业,并购重组
000688,国城矿业,人事变动
000688,国城矿业,破产重整
000591,太阳能,分红/增持/回购
000591,太阳能,质押/解押
000591,太阳能,人事变动
000591,太阳能,业绩预告
000581,威孚高科,破产重整
000581,威孚高科,分红/增持/回购
000581,威孚高科,人事变动
000552,甘肃能化,并购重组
000552,甘肃能化,业绩预告
000552,甘肃能化,出售/转让
000552,甘肃能化,立案/处罚
000552,甘肃能化,人事变动
000538,云南白药,破产重整
000538,云南白药,分红/增持/回购
000526,学大教育,分红/增持/回购
000526,学大教育,质押/解押
000056,*ST皇庭,业绩预告
000056,*ST皇庭,重大诉讼
000056,*ST皇庭,出售/转让
000001,平安银行,业绩预告
000001,平安银行,分红/增持/回购
920245,威博液压,破产重整
920189,康美特,出售/转让
920189,康美特,破产重整
920189,康美特,分红/增持/回购
920065,千岸科技,出售/转让
920065,千岸科技,分红/增持/回购
920065,千岸科技,破产重整
920033,康普化学,分红/增持/回购
920033,康普化学,业绩预告
688807,优迅股份,业绩预告
688779,五矿新能,重大诉讼
688779,五矿新能,业绩预告
688779,五矿新能,人事变动
688779,五矿新能,破产重整
688733,壹石通,业绩预告
688733,壹石通,破产重整
688733,壹石通,分红/增持/回购
688733,壹石通,立案/处罚
688700,东威科技,分红/增持/回购
688700,东威科技,业绩预告
688623,双元科技,分红/增持/回购
688623,双元科技,业绩预告
688589,力合微,人事变动
688589,力合微,破产重整
688584,上海合晶,分红/增持/回购
688584,上海合晶,破产重整
688584,上海合晶,业绩预告
688510,航亚科技,业绩预告
688510,航亚科技,破产重整
688486,龙迅股份,业绩预告
688443,智翔金泰,业绩预告
688401,路维光电,业绩预告
688401,路维光电,出售/转让
688349,三一重能,分红/增持/回购
688349,三一重能,破产重整
688349,三一重能,业绩预告
688348,昱能科技,分红/增持/回购
688348,昱能科技,质押/解押
688348,昱能科技,人事变动
688348,昱能科技,业绩预告
688348,昱能科技,破产重整
688330,宏力达,人事变动
688330,宏力达,业绩预告
688322,奥比中光,分红/增持/回购
688322,奥比中光,人事变动
688322,奥比中光,破产重整
688307,中润光学,立案/处罚
688307,中润光学,业绩预告
688307,中润光学,破产重整
688303,大全能源,分红/增持/回购
688303,大全能源,业绩预告
688289,圣湘生物,分红/增持/回购
688289,圣湘生物,业绩预告
688289,圣湘生物,人事变动
688267,中触媒,业绩预告
688267,中触媒,分红/增持/回购
688267,中触媒,质押/解押
688217,睿昂基因,业绩预告
688184,ST帕瓦,退市风险
688184,ST帕瓦,立案/处罚
688184,ST帕瓦,重大诉讼
688184,ST帕瓦,业绩预告
688171,纬德信息,并购重组
688171,纬德信息,分红/增持/回购
688171,纬德信息,业绩预告
688162,巨一科技,质押/解押
688162,巨一科技,分红/增持/回购
688162,巨一科技,人事变动
688162,巨一科技,业绩预告
688162,巨一科技,破产重整
688155,先惠技术,分红/增持/回购
688155,先惠技术,破产重整
688076,ST诺泰,业绩预告
688076,ST诺泰,并购重组
688056,莱伯泰科,业绩预告
688055,龙腾光电,人事变动
688055,龙腾光电,业绩预告
688033,*ST天宜,重大诉讼
688033,*ST天宜,立案/处罚
688033,*ST天宜,质押/解押
688033,*ST天宜,退市风险
688033,*ST天宜,业绩预告
688027,国盾量子,破产重整
688027,国盾量子,人事变动
688027,国盾量子,业绩预告
688026,洁特生物,重大诉讼
688026,洁特生物,分红/增持/回购
688026,洁特生物,人事变动
688026,洁特生物,破产重整
605588,冠石科技,业绩预告
605588,冠石科技,分红/增持/回购
605588,冠石科技,立案/处罚
605500,森林包装,人事变动
605500,森林包装,破产重整
605500,森林包装,业绩预告
605488,福莱新材,出售/转让
605488,福莱新材,业绩预告
605398,新炬网络,业绩预告
605398,新炬网络,分红/增持/回购
605398,新炬网络,人事变动
605398,新炬网络,破产重整
605377,华旺科技,业绩预告
605377,华旺科技,分红/增持/回购
605339,南侨食品,业绩预告
605336,*ST帅电,并购重组
605336,*ST帅电,破产重整
605336,*ST帅电,业绩预告
605336,*ST帅电,出售/转让
605336,*ST帅电,立案/处罚
605319,无锡振华,并购重组
605319,无锡振华,人事变动
605319,无锡振华,业绩预告
605319,无锡振华,分红/增持/回购
605218,伟时电子,业绩预告
605122,四方新材,业绩预告
605122,四方新材,重大诉讼
605122,四方新材,质押/解押
605100,华丰股份,业绩预告
605055,迎丰股份,出售/转让
605055,迎丰股份,业绩预告
603959,ST百利,重大诉讼
603959,ST百利,破产重整
603959,ST百利,质押/解押
603959,ST百利,业绩预告
603931,格林达,人事变动
603931,格林达,分红/增持/回购
603931,格林达,破产重整
603931,格林达,业绩预告
603928,兴业股份,分红/增持/回购
603928,兴业股份,业绩预告
603897,长城科技,分红/增持/回购
603895,天永智能,质押/解押
603895,天永智能,业绩预告
603876,鼎胜新材,业绩预告
603876,鼎胜新材,破产重整
603876,鼎胜新材,立案/处罚
603876,鼎胜新材,分红/增持/回购
603876,鼎胜新材,出售/转让
603856,东宏股份,分红/增持/回购
603856,东宏股份,业绩预告
603839,安正时尚,业绩预告
603839,安正时尚,质押/解押
603839,安正时尚,人事变动
603839,安正时尚,立案/处罚
603839,安正时尚,破产重整
603777,来伊份,业绩预告
603777,来伊份,质押/解押
603759,海天股份,分红/增持/回购
603759,海天股份,质押/解押
603737,三棵树,质押/解押
603737,三棵树,业绩预告
603733,仙鹤股份,分红/增持/回购
603733,仙鹤股份,业绩预告
603716,塞力医疗,分红/增持/回购
603716,塞力医疗,业绩预告
603716,塞力医疗,质押/解押
603697,有友食品,分红/增持/回购
603697,有友食品,业绩预告
603589,口子窖,分红/增持/回购
603589,口子窖,质押/解押
603585,苏利股份,分红/增持/回购
603585,苏利股份,业绩预告
603580,艾艾精工,退市风险
603580,艾艾精工,并购重组
603580,艾艾精工,出售/转让
603580,艾艾精工,分红/增持/回购
603429,*ST集友,业绩预告
603429,*ST集友,并购重组
603429,*ST集友,出售/转让
603406,天富龙,分红/增持/回购
603406,天富龙,业绩预告
603395,红四方,破产重整
603395,红四方,业绩预告
603387,基蛋生物,分红/增持/回购
603387,基蛋生物,业绩预告
603387,基蛋生物,出售/转让
603387,基蛋生物,破产重整
603352,至信股份,人事变动
603352,至信股份,破产重整
603352,至信股份,分红/增持/回购
603352,至信股份,业绩预告
603345,安井食品,业绩预告
603345,安井食品,分红/增持/回购
603337,杰克科技,分红/增持/回购
603337,杰克科技,并购重组
603337,杰克科技,业绩预告
603336,宏辉果蔬,分红/增持/回购
603336,宏辉果蔬,并购重组
603336,宏辉果蔬,业绩预告
603328,依顿电子,业绩预告
603328,依顿电子,立案/处罚
603328,依顿电子,分红/增持/回购
603298,杭叉集团,出售/转让
603298,杭叉集团,分红/增持/回购
603298,杭叉集团,业绩预告
603298,杭叉集团,立案/处罚
603284,林平发展,并购重组
603284,林平发展,业绩预告
603258,电魂网络,业绩预告
603225,新凤鸣,业绩预告
603225,新凤鸣,人事变动
603222,济民健康,业绩预告
603222,济民健康,并购重组
603222,济民健康,出售/转让
603222,济民健康,质押/解押
603198,迎驾贡酒,人事变动
603197,保隆科技,业绩预告
603197,保隆科技,分红/增持/回购
603180,金牌家居,业绩预告
603180,金牌家居,质押/解押
603169,兰石重装,重大诉讼
603169,兰石重装,业绩预告
603169,兰石重装,立案/处罚
603169,兰石重装,质押/解押
603169,兰石重装,并购重组
603158,腾龙股份,分红/增持/回购
603158,腾龙股份,业绩预告
603153,上海建科,分红/增持/回购
603153,上海建科,业绩预告
603132,金徽股份,质押/解押
603132,金徽股份,业绩预告
603132,金徽股份,分红/增持/回购
603121,华培动力,业绩预告
603121,华培动力,质押/解押
603121,华培动力,人事变动
603089,正裕工业,业绩预告
603089,正裕工业,人事变动
603082,北自科技,并购重组
603082,北自科技,业绩预告
603038,华立股份,立案/处罚
603038,华立股份,业绩预告
603038,华立股份,重大诉讼
603038,华立股份,出售/转让
603028,赛福天,分红/增持/回购
603028,赛福天,重大诉讼
603028,赛福天,业绩预告
603028,赛福天,人事变动
603028,赛福天,破产重整
603023,威帝股份,破产重整
603023,威帝股份,人事变动
603023,威帝股份,业绩预告
603023,威帝股份,并购重组
601968,宝钢包装,分红/增持/回购
601968,宝钢包装,业绩预告
601919,中远海控,分红/增持/回购
601919,中远海控,破产重整
601919,中远海控,业绩预告
601890,亚星锚链,分红/增持/回购
601890,亚星锚链,业绩预告
601866,中远海发,破产重整
601866,中远海发,分红/增持/回购
601866,中远海发,业绩预告
601727,上海电气,破产重整
601727,上海电气,重大诉讼
601727,上海电气,出售/转让
601727,上海电气,业绩预告
601727,上海电气,分红/增持/回购
601677,明泰铝业,业绩预告
601677,明泰铝业,出售/转让
601368,绿城水务,破产重整
601368,绿城水务,业绩预告
601360,三六零,业绩预告
601360,三六零,分红/增持/回购
601212,白银有色,业绩预告
601212,白银有色,人事变动
601212,白银有色,质押/解押
601200,上海环境,人事变动
601200,上海环境,破产重整
601200,上海环境,分红/增持/回购
601200,上海环境,业绩预告
601139,深圳燃气,业绩预告
601139,深圳燃气,人事变动
601139,深圳燃气,出售/转让
601069,西部黄金,业绩预告
601069,西部黄金,分红/增持/回购
601069,西部黄金,破产重整
601069,西部黄金,人事变动
601069,西部黄金,质押/解押
601022,宁波远洋,破产重整
601022,宁波远洋,分红/增持/回购
601022,宁波远洋,业绩预告
601018,宁波港,破产重整
601018,宁波港,人事变动
601018,宁波港,分红/增持/回购
601018,宁波港,业绩预告
601005,重庆钢铁,破产重整
601005,重庆钢铁,业绩预告
601005,重庆钢铁,并购重组
600997,开滦股份,业绩预告
600961,株冶集团,人事变动
600961,株冶集团,并购重组
600961,株冶集团,业绩预告
600877,电科芯片,业绩预告
600877,电科芯片,人事变动
600877,电科芯片,破产重整
600874,创业环保,分红/增持/回购
600874,创业环保,破产重整
600874,创业环保,质押/解押
600859,王府井,分红/增持/回购
600859,王府井,人事变动
600859,王府井,出售/转让
600859,王府井,业绩预告
600851,海欣股份,分红/增持/回购
600851,海欣股份,破产重整
600847,万里股份,业绩预告
600846,同济科技,分红/增持/回购
600846,同济科技,人事变动
600846,同济科技,业绩预告
600834,申通地铁,分红/增持/回购
600834,申通地铁,出售/转让
600834,申通地铁,破产重整
600834,申通地铁,业绩预告
600821,金开新能,业绩预告
600821,金开新能,破产重整
600792,云煤能源,业绩预告
600792,云煤能源,人事变动
600792,云煤能源,重大诉讼
600792,云煤能源,并购重组
600785,新华百货,重大诉讼
600785,新华百货,出售/转让
600785,新华百货,分红/增持/回购
600785,新华百货,业绩预告
600728,佳都科技,分红/增持/回购
600728,佳都科技,业绩预告
600716,凤凰股份,质押/解押
600716,凤凰股份,业绩预告
600714,金瑞矿业,业绩预告
600714,金瑞矿业,分红/增持/回购
600714,金瑞矿业,破产重整
600684,珠江股份,重大诉讼
600684,珠江股份,破产重整
600684,珠江股份,并购重组
600684,珠江股份,业绩预告
600645,中源协和,业绩预告
600645,中源协和,立案/处罚
600643,爱建集团,质押/解押
600643,爱建集团,业绩预告
600629,华建集团,破产重整
600629,华建集团,业绩预告
600629,华建集团,质押/解押
600609,金杯汽车,出售/转让
600609,金杯汽车,破产重整
600609,金杯汽车,分红/增持/回购
600609,金杯汽车,业绩预告
600579,中化装备,并购重组
600579,中化装备,分红/增持/回购
600579,中化装备,业绩预告
600572,康恩贝,出售/转让
600572,康恩贝,业绩预告
600547,山东黄金,分红/增持/回购
600547,山东黄金,人事变动
600547,山东黄金,业绩预告
600538,国发股份,业绩预告
600526,菲达环保,分红/增持/回购
600526,菲达环保,业绩预告
600508,上海能源,并购重组
600508,上海能源,人事变动
600508,上海能源,业绩预告
600508,上海能源,破产重整
600508,上海能源,分红/增持/回购
600496,精工钢构,质押/解押
600496,精工钢构,业绩预告
600478,科力远,业绩预告
600478,科力远,人事变动
600478,科力远,质押/解押
600459,贵研铂业,立案/处罚
600459,贵研铂业,分红/增持/回购
600459,贵研铂业,业绩预告
600452,涪陵电力,破产重整
600452,涪陵电力,分红/增持/回购
600452,涪陵电力,业绩预告
600429,三元股份,分红/增持/回购
600429,三元股份,破产重整
600429,三元股份,业绩预告
600419,天润乳业,业绩预告
600419,天润乳业,人事变动
600372,中航机载,出售/转让
600372,中航机载,并购重组
600372,中航机载,人事变动
600372,中航机载,业绩预告
600370,*ST三房,退市风险
600370,*ST三房,质押/解押
600370,*ST三房,业绩预告
600370,*ST三房,重大诉讼
600370,*ST三房,人事变动
600354,敦煌种业,业绩预告
600354,敦煌种业,人事变动
600331,宏达股份,破产重整
600331,宏达股份,重大诉讼
600331,宏达股份,业绩预告
600331,宏达股份,并购重组
600316,洪都航空,业绩预告
600307,酒钢宏兴,业绩预告
600307,酒钢宏兴,人事变动
600250,南京商旅,并购重组
600250,南京商旅,业绩预告
600231,凌钢股份,业绩预告
600231,凌钢股份,人事变动
600202,哈空调,分红/增持/回购
600202,哈空调,业绩预告
600185,珠免集团,质押/解押
600185,珠免集团,重大诉讼
600185,珠免集团,业绩预告
600185,珠免集团,并购重组
600171,上海贝岭,破产重整
600171,上海贝岭,业绩预告
600137,浪莎股份,破产重整
600137,浪莎股份,业绩预告
600132,重庆啤酒,业绩预告
600060,海信视像,分红/增持/回购
600060,海信视像,业绩预告
600058,五矿发展,并购重组
600058,五矿发展,出售/转让
600058,五矿发展,业绩预告
600052,东望时代,出售/转让
600052,东望时代,业绩预告
600052,东望时代,重大诉讼
600052,东望时代,分红/增持/回购
600052,东望时代,质押/解押
600037,歌华有线,业绩预告
600037,歌华有线,破产重整
600004,白云机场,破产重整
600004,白云机场,分红/增持/回购
600004,白云机场,人事变动
600004,白云机场,业绩预告
301584,建发致新,并购重组
301584,建发致新,业绩预告
301584,建发致新,分红/增持/回购
301512,智信精密,分红/增持/回购
301512,智信精密,质押/解押
301373,凌玮科技,破产重整
301373,凌玮科技,分红/增持/回购
301357,北方长龙,并购重组
301357,北方长龙,人事变动
301357,北方长龙,出售/转让
301349,信德新材,人事变动
301349,信德新材,业绩预告
301349,信德新材,破产重整
301349,信德新材,重大诉讼
301312,智立方,人事变动
301312,智立方,破产重整
301298,东利机械,破产重整
301298,东利机械,业绩预告
301170,锡南科技,人事变动
301170,锡南科技,破产重整
301125,腾亚精工,分红/增持/回购
301125,腾亚精工,破产重整
301125,腾亚精工,质押/解押
301047,义翘神州,分红/增持/回购
301047,义翘神州,质押/解押
301020,密封科技,分红/增持/回购
301009,可靠股份,人事变动
301004,嘉益股份,分红/增持/回购
301004,嘉益股份,人事变动
301004,嘉益股份,破产重整
300945,曼卡龙,分红/增持/回购
300917,特发服务,人事变动
300917,特发服务,破产重整
300917,特发服务,分红/增持/回购
300850,新强联,质押/解押
300850,新强联,并购重组
300831,ST派瑞,人事变动
300831,ST派瑞,立案/处罚
300831,ST派瑞,破产重整
300831,ST派瑞,分红/增持/回购
300815,玉禾田,质押/解押
300815,玉禾田,分红/增持/回购
300789,唐源电气,分红/增持/回购
300789,唐源电气,重大诉讼
300789,唐源电气,破产重整
300789,唐源电气,出售/转让
300789,唐源电气,质押/解押
300715,凯伦股份,人事变动
300715,凯伦股份,分红/增持/回购
300698,万马科技,质押/解押
300685,艾德生物,分红/增持/回购
300685,艾德生物,破产重整
300667,必创科技,质押/解押
300667,必创科技,人事变动
300667,必创科技,破产重整
300657,弘信电子,质押/解押
300636,同和药业,出售/转让
300636,同和药业,破产重整
300636,同和药业,质押/解押
300603,立昂技术,质押/解押
300603,立昂技术,分红/增持/回购
300603,立昂技术,立案/处罚
300603,立昂技术,并购重组
300587,天铁科技,破产重整
300587,天铁科技,质押/解押
300551,古鳌科技,破产重整
300551,古鳌科技,质押/解押
300551,古鳌科技,重大诉讼
300527,ST应急,分红/增持/回购
300527,ST应急,业绩预告
300527,ST应急,退市风险
300514,友讯达,分红/增持/回购
300505,川金诺,业绩预告
300505,川金诺,人事变动
300505,川金诺,破产重整
300477,ST合纵,退市风险
300477,ST合纵,重大诉讼
300477,ST合纵,破产重整
300464,星徽股份,重大诉讼
300459,汤姆猫,人事变动
300459,汤姆猫,破产重整
300459,汤姆猫,重大诉讼
300443,金雷股份,分红/增持/回购
300419,ST浩丰,人事变动
300304,云意电气,分红/增持/回购
300304,云意电气,立案/处罚
300304,云意电气,出售/转让
300268,佳沃食品,重大诉讼
300268,佳沃食品,人事变动
300268,佳沃食品,业绩预告
300242,佳云科技,质押/解押
300242,佳云科技,并购重组
300242,佳云科技,出售/转让
300242,佳云科技,重大诉讼
300234,开尔新材,质押/解押
300234,开尔新材,出售/转让
300217,东方电热,出售/转让
300209,行云科技,业绩预告
300209,行云科技,质押/解押
300209,行云科技,澄清/辟谣
300209,行云科技,重大诉讼
300185,通裕重工,分红/增持/回购
300185,通裕重工,人事变动
300165,天瑞仪器,重大诉讼
300165,天瑞仪器,人事变动
300140,节能环境,并购重组
300140,节能环境,分红/增持/回购
300140,节能环境,质押/解押
300110,华仁药业,人事变动
300110,华仁药业,重大诉讼
300110,华仁药业,立案/处罚
300110,华仁药业,破产重整
300048,合康新能,并购重组
300020,ST银江,退市风险
300020,ST银江,重大诉讼
300020,ST银江,人事变动
300020,ST银江,立案/处罚
300016,北陆药业,分红/增持/回购
300016,北陆药业,破产重整
300016,北陆药业,业绩预告
002991,甘源食品,业绩预告
002991,甘源食品,分红/增持/回购
002967,广电计量,业绩预告
002967,广电计量,分红/增持/回购
002967,广电计量,破产重整
002961,瑞达期货,业绩预告
002961,瑞达期货,分红/增持/回购
002961,瑞达期货,人事变动
002941,新疆交建,破产重整
002941,新疆交建,分红/增持/回购
002941,新疆交建,人事变动
002941,新疆交建,立案/处罚
002857,三晖电气,破产重整
002857,三晖电气,业绩预告
002857,三晖电气,人事变动
002857,三晖电气,重大诉讼
002857,三晖电气,并购重组
002856,*ST美芝,人事变动
002856,*ST美芝,重大诉讼
002856,*ST美芝,业绩预告
002812,恩捷股份,质押/解押
002812,恩捷股份,业绩预告
002812,恩捷股份,分红/增持/回购
002812,恩捷股份,并购重组
002812,恩捷股份,破产重整
002810,山东赫达,分红/增持/回购
002810,山东赫达,业绩预告
002748,世龙实业,分红/增持/回购
002748,世龙实业,业绩预告
002748,世龙实业,破产重整
002746,仙坛股份,业绩预告
002746,仙坛股份,分红/增持/回购
002725,跃岭股份,分红/增持/回购
002725,跃岭股份,业绩预告
002725,跃岭股份,出售/转让
002677,浙江美大,并购重组
002677,浙江美大,业绩预告
002677,浙江美大,出售/转让
002667,*ST威领,人事变动
002667,*ST威领,并购重组
002667,*ST威领,立案/处罚
002667,*ST威领,业绩预告
002667,*ST威领,重大诉讼
002667,*ST威领,破产重整
002667,*ST威领,质押/解押
002613,北玻股份,业绩预告
002613,北玻股份,破产重整
002613,北玻股份,人事变动
002602,世纪华通,质押/解押
002602,世纪华通,业绩预告
002602,世纪华通,立案/处罚
002602,世纪华通,分红/增持/回购
002558,巨人网络,业绩预告
002558,巨人网络,分红/增持/回购
002558,巨人网络,破产重整
002535,林州重机,业绩预告
002535,林州重机,人事变动
002535,林州重机,破产重整
002535,林州重机,质押/解押
002487,大金重工,分红/增持/回购
002481,双塔食品,破产重整
002481,双塔食品,人事变动
002481,双塔食品,分红/增持/回购
002481,双塔食品,立案/处罚
002481,双塔食品,质押/解押
002326,永太科技,业绩预告
002326,永太科技,人事变动
002326,永太科技,质押/解押
002264,新华都,重大诉讼
002264,新华都,破产重整
002264,新华都,分红/增持/回购
002218,拓日新能,业绩预告
002218,拓日新能,破产重整
002218,拓日新能,重大诉讼
002217,ST合力泰,分红/增持/回购
002217,ST合力泰,退市风险
002217,ST合力泰,人事变动
002176,江特电机,人事变动
002176,江特电机,质押/解押
002176,江特电机,业绩预告
002176,江特电机,分红/增持/回购
002176,江特电机,破产重整
002169,智光电气,业绩预告
002169,智光电气,质押/解押
002169,智光电气,并购重组
002102,ST能特,退市风险
002102,ST能特,分红/增持/回购
002102,ST能特,质押/解押
002102,ST能特,破产重整
002102,ST能特,业绩预告
002102,ST能特,人事变动
002067,景兴纸业,立案/处罚
002067,景兴纸业,业绩预告
002067,景兴纸业,人事变动
002067,景兴纸业,破产重整
002048,宁波华翔,业绩预告
002048,宁波华翔,分红/增持/回购
002048,宁波华翔,人事变动
002040,南京港,分红/增持/回购
002040,南京港,破产重整
002040,南京港,人事变动
002015,协鑫能科,质押/解押
002009,天奇股份,分红/增持/回购
002009,天奇股份,质押/解押
002008,大族激光,破产重整
002008,大族激光,业绩预告
002008,大族激光,质押/解押
001358,兴欣新材,分红/增持/回购
001216,华瓷股份,出售/转让
001216,华瓷股份,业绩预告
001216,华瓷股份,澄清/辟谣
000985,大庆华科,业绩预告
000985,大庆华科,分红/增持/回购
000985,大庆华科,人事变动
000985,大庆华科,破产重整
000952,广济药业,破产重整
000952,广济药业,业绩预告
000952,广济药业,出售/转让
000810,创维数字,业绩预告
000810,创维数字,破产重整
000792,盐湖股份,业绩预告
000792,盐湖股份,人事变动
000788,北大医药,分红/增持/回购
000788,北大医药,业绩预告
000779,甘咨询,人事变动
000779,甘咨询,分红/增持/回购
000736,中交发展,业绩预告
000680,山推股份,破产重整
000680,山推股份,分红/增持/回购
000680,山推股份,业绩预告
000680,山推股份,人事变动
000558,天府文旅,业绩预告
000558,天府文旅,出售/转让
000558,天府文旅,破产重整
000558,天府文旅,并购重组
000514,渝开发,业绩预告
000514,渝开发,并购重组
000514,渝开发,破产重整
000514,渝开发,人事变动
000503,国新健康,出售/转让
000503,国新健康,业绩预告
000155,川能动力,业绩预告
000155,川能动力,分红/增持/回购
000155,川能动力,并购重组
000058,深赛格,人事变动
000058,深赛格,破产重整
000058,深赛格,重大诉讼
000031,大悦城,破产重整
000031,大悦城,业绩预告
000031,大悦城,出售/转让
000010,*ST美丽,业绩预告
000010,*ST美丽,重大诉讼
000010,*ST美丽,并购重组
000010,*ST美丽,破产重整
920593,鼎智科技,分红/增持/回购
920593,鼎智科技,破产重整
920533,骏创科技,分红/增持/回购
920351,华光源海,分红/增持/回购
920351,华光源海,并购重组
920351,华光源海,业绩预告
920055,隆源股份,分红/增持/回购
920016,中草香料,破产重整
688828,国仪公司,业绩预告
688816,易思维,人事变动
688816,易思维,业绩预告
688757,胜科纳米,分红/增持/回购
688757,胜科纳米,业绩预告
688750,金天钛业,分红/增持/回购
688750,金天钛业,业绩预告
688750,金天钛业,立案/处罚
688739,成大生物,业绩预告
688709,成都华微,分红/增持/回购
688709,成都华微,人事变动
688709,成都华微,业绩预告
688698,伟创电气,业绩预告
688638,誉辰智能,分红/增持/回购
688638,誉辰智能,业绩预告
688635,长进光子,业绩预告
688508,芯朋微,破产重整
688508,芯朋微,业绩预告
688458,美芯晟,业绩预告
688448,磁谷科技,业绩预告
688435,英方软件,破产重整
688435,英方软件,业绩预告
688392,骄成超声,并购重组
688392,骄成超声,人事变动
688392,骄成超声,分红/增持/回购
688392,骄成超声,重大诉讼
688387,信科移动,业绩预告
688371,菲沃泰,并购重组
688371,菲沃泰,业绩预告
688308,欧科亿,分红/增持/回购
688308,欧科亿,业绩预告
688308,欧科亿,并购重组
688308,欧科亿,人事变动
688301,奕瑞科技,业绩预告
688301,奕瑞科技,人事变动
688300,联瑞新材,人事变动
688300,联瑞新材,破产重整
688300,联瑞新材,业绩预告
688296,和达科技,业绩预告
688296,和达科技,人事变动
688296,和达科技,破产重整
688291,金橙子,并购重组
688291,金橙子,业绩预告
688291,金橙子,人事变动
688291,金橙子,破产重整
688273,麦澜德,破产重整
688273,麦澜德,人事变动
688273,麦澜德,业绩预告
688233,神工股份,出售/转让
688233,神工股份,并购重组
688233,神工股份,业绩预告
688216,气派科技,业绩预告
688216,气派科技,人事变动
688179,阿拉丁,分红/增持/回购
688179,阿拉丁,人事变动
688179,阿拉丁,业绩预告
688158,优刻得,破产重整
688146,中船特气,业绩预告
688129,东来技术,分红/增持/回购
688129,东来技术,业绩预告
688092,爱科科技,分红/增持/回购
688092,爱科科技,人事变动
688092,爱科科技,业绩预告
688092,爱科科技,破产重整
688089,ST嘉必优,退市风险
688089,ST嘉必优,业绩预告
688089,ST嘉必优,分红/增持/回购
688089,ST嘉必优,重大诉讼
688035,德邦科技,分红/增持/回购
688035,德邦科技,业绩预告
688032,禾迈股份,人事变动
688032,禾迈股份,出售/转让
688032,禾迈股份,业绩预告
605389,长龄液压,出售/转让
605389,长龄液压,破产重整
605389,长龄液压,分红/增持/回购
605389,长龄液压,业绩预告
605389,长龄液压,并购重组
605289,罗曼股份,破产重整
605289,罗曼股份,业绩预告
605286,同力天启,业绩预告
605286,同力天启,质押/解押
605277,新亚电子,业绩预告
605228,神通科技,业绩预告
605228,神通科技,分红/增持/回购
605177,东亚药业,业绩预告
605123,派克新材,分红/增持/回购
605123,派克新材,业绩预告
605009,豪悦护理,分红/增持/回购
605009,豪悦护理,人事变动
605009,豪悦护理,破产重整
605009,豪悦护理,业绩预告
603949,雪龙集团,分红/增持/回购
603949,雪龙集团,业绩预告
603896,寿仙谷,业绩预告
603890,春秋电子,业绩预告
603886,元祖股份,业绩预告
603886,元祖股份,破产重整
603883,老百姓,分红/增持/回购
603883,老百姓,质押/解押
603883,老百姓,业绩预告
603877,太平鸟,业绩预告
603877,太平鸟,人事变动
603800,洪田股份,质押/解押
603800,洪田股份,业绩预告
603800,洪田股份,重大诉讼
603800,洪田股份,并购重组
603800,洪田股份,破产重整
603709,中源家居,出售/转让
603709,中源家居,业绩预告
603709,中源家居,分红/增持/回购
603709,中源家居,并购重组
603699,纽威股份,破产重整
603699,纽威股份,分红/增持/回购
603699,纽威股份,质押/解押
603655,朗博科技,业绩预告
603655,朗博科技,分红/增持/回购
603636,南威软件,立案/处罚
603636,南威软件,业绩预告
603636,南威软件,质押/解押
603636,南威软件,重大诉讼
603516,淳中科技,业绩预告
603516,淳中科技,分红/增持/回购
603400,华之杰,分红/增持/回购
603400,华之杰,业绩预告
603400,华之杰,并购重组
603368,柳药集团,质押/解押
603368,柳药集团,分红/增持/回购
603368,柳药集团,业绩预告
603277,银都股份,业绩预告
603277,银都股份,分红/增持/回购
603261,立航科技,业绩预告
603261,立航科技,出售/转让
603210,泰鸿万立,破产重整
603210,泰鸿万立,业绩预告
603199,九华旅游,人事变动
603199,九华旅游,业绩预告
603193,润本股份,分红/增持/回购
603161,科华控股,业绩预告
603156,养元饮品,分红/增持/回购
603156,养元饮品,业绩预告
603107,上海汽配,业绩预告
603065,宿迁联盛,质押/解押
603065,宿迁联盛,业绩预告
603065,宿迁联盛,破产重整
603018,华设集团,业绩预告
603018,华设集团,分红/增持/回购
603014,威高血净,并购重组
603014,威高血净,业绩预告
603014,威高血净,分红/增持/回购
603006,联明股份,分红/增持/回购
603006,联明股份,业绩预告
601958,金钼股份,人事变动
601958,金钼股份,业绩预告
601958,金钼股份,分红/增持/回购
601882,海天精工,分红/增持/回购
601882,海天精工,业绩预告
601528,瑞丰银行,破产重整
601528,瑞丰银行,分红/增持/回购
601528,瑞丰银行,业绩预告
601326,秦港股份,重大诉讼
601326,秦港股份,分红/增持/回购
601326,秦港股份,破产重整
601326,秦港股份,业绩预告
601216,君正集团,分红/增持/回购
601216,君正集团,破产重整
601216,君正集团,人事变动
601216,君正集团,业绩预告
601188,龙江交通,分红/增持/回购
601188,龙江交通,业绩预告
601136,首创证券,人事变动
601136,首创证券,分红/增持/回购
601136,首创证券,业绩预告
601136,首创证券,破产重整
601133,柏诚股份,分红/增持/回购
601133,柏诚股份,业绩预告
601083,锦江航运,破产重整
601083,锦江航运,分红/增持/回购
601083,锦江航运,业绩预告
601010,ST文峰,退市风险
601010,ST文峰,分红/增持/回购
601010,ST文峰,质押/解押
601010,ST文峰,业绩预告
601010,ST文峰,立案/处罚
601010,ST文峰,重大诉讼
601010,ST文峰,破产重整
601010,ST文峰,人事变动
601007,金陵饭店,分红/增持/回购
601007,金陵饭店,人事变动
601007,金陵饭店,业绩预告
601006,大秦铁路,分红/增持/回购
601006,大秦铁路,业绩预告
600988,赤峰黄金,质押/解押
600988,赤峰黄金,业绩预告
600988,赤峰黄金,并购重组
600977,中国电影,分红/增持/回购
600977,中国电影,业绩预告
600975,新五丰,人事变动
600975,新五丰,业绩预告
600975,新五丰,重大诉讼
600975,新五丰,并购重组
600936,北投科技,业绩预告
600936,北投科技,并购重组
600779,水井坊,破产重整
600779,水井坊,业绩预告
600779,水井坊,人事变动
600779,水井坊,分红/增持/回购
600742,富维股份,分红/增持/回购
600742,富维股份,破产重整
600742,富维股份,业绩预告
600718,东软集团,分红/增持/回购
600718,东软集团,业绩预告
600710,苏美达,并购重组
600710,苏美达,业绩预告
600710,苏美达,立案/处罚
600666,奥瑞德,业绩预告
600666,奥瑞德,并购重组
600666,奥瑞德,立案/处罚
600666,奥瑞德,出售/转让
600666,奥瑞德,分红/增持/回购
600644,乐山电力,破产重整
600644,乐山电力,业绩预告
600637,东方明珠,业绩预告
600637,东方明珠,分红/增持/回购
600546,山煤国际,破产重整
600546,山煤国际,分红/增持/回购
600546,山煤国际,业绩预告
600546,山煤国际,人事变动
600543,*ST莫高,出售/转让
600543,*ST莫高,人事变动
600543,*ST莫高,业绩预告
600501,航天晨光,人事变动
600501,航天晨光,业绩预告
600448,华纺股份,业绩预告
600425,青松建化,业绩预告
600379,宝光股份,人事变动
600379,宝光股份,分红/增持/回购
600379,宝光股份,业绩预告
600269,赣粤高速,分红/增持/回购
600269,赣粤高速,业绩预告
600269,赣粤高速,人事变动
600197,伊力特,分红/增持/回购
600197,伊力特,业绩预告
600180,*ST瑞茂,退市风险
600180,*ST瑞茂,重大诉讼
600180,*ST瑞茂,质押/解押
600180,*ST瑞茂,业绩预告
600155,华创云信,业绩预告
600155,华创云信,重大诉讼
600155,华创云信,分红/增持/回购
600109,国金证券,分红/增持/回购
600109,国金证券,业绩预告
600101,明星电力,业绩预告
600101,明星电力,分红/增持/回购
600101,明星电力,质押/解押
600096,云天化,破产重整
600096,云天化,业绩预告
600096,云天化,分红/增持/回购
600089,特变电工,分红/增持/回购
600089,特变电工,业绩预告
600054,黄山旅游,分红/增持/回购
600054,黄山旅游,人事变动
600054,黄山旅游,业绩预告
301658,首航新能,人事变动
301658,首航新能,破产重整
301599,理奇智能,分红/增持/回购
301486,致尚科技,并购重组
301468,博盈特焊,人事变动
301468,博盈特焊,破产重整
301428,世纪恒通,人事变动
301428,世纪恒通,破产重整
301421,波长光电,业绩预告
301421,波长光电,分红/增持/回购
301397,溯联股份,分红/增持/回购
301397,溯联股份,并购重组
301397,溯联股份,业绩预告
301382,蜂助手,分红/增持/回购
301382,蜂助手,人事变动
301382,蜂助手,质押/解押
301321,翰博高新,并购重组
301321,翰博高新,重大诉讼
301321,翰博高新,人事变动
301321,翰博高新,破产重整
301321,翰博高新,出售/转让
301316,慧博云通,质押/解押
301316,慧博云通,破产重整
301316,慧博云通,并购重组
301316,慧博云通,分红/增持/回购
301288,清研环境,人事变动
301288,清研环境,破产重整
301280,珠城科技,分红/增持/回购
301280,珠城科技,出售/转让
301265,华新科技,分红/增持/回购
301265,华新科技,并购重组
301126,达嘉维康,业绩预告
301126,达嘉维康,人事变动
301126,达嘉维康,破产重整
301123,奕东电子,并购重组
301122,采纳股份,出售/转让
301121,紫建电子,质押/解押
301121,紫建电子,并购重组
301096,百诚医药,人事变动
301077,星华新材,破产重整
301077,星华新材,出售/转让
301043,绿岛风,业绩预告
301043,绿岛风,出售/转让
301043,绿岛风,分红/增持/回购
300998,宁波方正,质押/解押
300998,宁波方正,破产重整
300995,奇德新材,破产重整
300995,奇德新材,分红/增持/回购
300957,贝泰妮,分红/增持/回购
300935,盈建科,人事变动
300935,盈建科,破产重整
300889,爱克股份,并购重组
300889,爱克股份,质押/解押
300870,欧陆通,破产重整
300870,欧陆通,人事变动
300858,科拓生物,分红/增持/回购
300835,龙磁科技,分红/增持/回购
300835,龙磁科技,人事变动
300835,龙磁科技,破产重整
300835,龙磁科技,质押/解押
300813,泰林生物,分红/增持/回购
300803,指南针,分红/增持/回购
300803,指南针,破产重整
300800,力合科技,破产重整
300800,力合科技,业绩预告
300800,力合科技,质押/解押
300770,新媒股份,人事变动
300770,新媒股份,分红/增持/回购
300770,新媒股份,破产重整
300757,罗博特科,破产重整
300751,迈为股份,破产重整
300751,迈为股份,分红/增持/回购
300746,汉嘉数智,出售/转让
300746,汉嘉数智,立案/处罚
300746,汉嘉数智,人事变动
300710,万隆光电,并购重组
300710,万隆光电,人事变动
300710,万隆光电,破产重整
300688,创业黑马,并购重组
300654,世纪天鸿,质押/解押
300645,正元智慧,质押/解押
300645,正元智慧,并购重组
300645,正元智慧,重大诉讼
300645,正元智慧,分红/增持/回购
300604,长川科技,分红/增持/回购
300604,长川科技,破产重整
300604,长川科技,人事变动
300601,康泰生物,破产重整
300601,康泰生物,分红/增持/回购
300595,欧普康视,质押/解押
300595,欧普康视,分红/增持/回购
300586,美联新材,质押/解押
300586,美联新材,业绩预告
300573,兴齐眼药,分红/增持/回购
300530,领湃科技,人事变动
300530,领湃科技,业绩预告
300530,领湃科技,出售/转让
300457,赢合科技,人事变动
300457,赢合科技,破产重整
300457,赢合科技,分红/增持/回购
300457,赢合科技,业绩预告
300436,广生堂,质押/解押
300436,广生堂,破产重整
300436,广生堂,出售/转让
300430,*ST益通,人事变动
300430,*ST益通,退市风险
300430,*ST益通,质押/解押
300430,*ST益通,立案/处罚
300395,菲利华,业绩预告
300395,菲利华,分红/增持/回购
300395,菲利华,破产重整
300287,飞利信,人事变动
300287,飞利信,破产重整
300287,飞利信,质押/解押
300274,阳光电源,分红/增持/回购
300244,迪安诊断,质押/解押
300244,迪安诊断,并购重组
300207,欣旺达,质押/解押
300207,欣旺达,破产重整
300207,欣旺达,人事变动
300192,科德教育,分红/增持/回购
300181,佐力药业,分红/增持/回购
300133,华策影视,分红/增持/回购
300102,乾照光电,人事变动
300065,海兰信,并购重组
300033,同花顺,业绩预告
300033,同花顺,分红/增持/回购
002979,雷赛智能,业绩预告
002979,雷赛智能,分红/增持/回购
002979,雷赛智能,人事变动
002926,华西证券,业绩预告
002926,华西证券,分红/增持/回购
002926,华西证券,人事变动
002926,华西证券,破产重整
002900,哈三联,业绩预告
002900,哈三联,人事变动
002870,香山股份,业绩预告
002870,香山股份,并购重组
002870,香山股份,分红/增持/回购
002870,香山股份,破产重整
002832,比音勒芬,分红/增持/回购
002832,比音勒芬,破产重整
002809,红墙股份,人事变动
002809,红墙股份,破产重整
002809,红墙股份,业绩预告
002786,银宝山新,业绩预告
002786,银宝山新,破产重整
002780,三夫户外,业绩预告
002780,三夫户外,质押/解押
002780,三夫户外,重大诉讼
002780,三夫户外,分红/增持/回购
002762,金发拉比,业绩预告
002762,金发拉比,重大诉讼
002718,友邦吊顶,业绩预告
002718,友邦吊顶,并购重组
002718,友邦吊顶,人事变动
002659,凯文教育,出售/转让
002659,凯文教育,人事变动
002659,凯文教育,破产重整
002647,仁东控股,重大诉讼
002647,仁东控股,业绩预告
002647,仁东控股,破产重整
002630,*ST华西,退市风险
002630,*ST华西,破产重整
002630,*ST华西,业绩预告
002630,*ST华西,重大诉讼
002612,朗姿股份,业绩预告
002612,朗姿股份,质押/解押
002595,豪迈科技,人事变动
002595,豪迈科技,破产重整
002587,奥拓电子,分红/增持/回购
002587,奥拓电子,立案/处罚
002587,奥拓电子,重大诉讼
002554,惠博普,破产重整
002554,惠博普,业绩预告
002542,*ST中岩,重大诉讼
002542,*ST中岩,业绩预告
002542,*ST中岩,破产重整
002523,天桥起重,分红/增持/回购
002523,天桥起重,业绩预告
002523,天桥起重,破产重整
002523,天桥起重,人事变动
002520,日发精机,业绩预告
002520,日发精机,出售/转让
002520,日发精机,人事变动
002479,富春环保,业绩预告
002479,富春环保,破产重整
002479,富春环保,分红/增持/回购
002476,新叶股份,破产重整
002476,新叶股份,重大诉讼
002437,誉衡药业,破产重整
002436,兴森科技,立案/处罚
002436,兴森科技,分红/增持/回购
002436,兴森科技,业绩预告
002431,ST棕榈,重大诉讼
002431,ST棕榈,质押/解押
002431,ST棕榈,业绩预告
002431,ST棕榈,出售/转让
002431,ST棕榈,人事变动
002431,ST棕榈,立案/处罚
002414,高德红外,业绩预告
002414,高德红外,分红/增持/回购
002409,雅克科技,分红/增持/回购
002361,神剑股份,分红/增持/回购
002361,神剑股份,业绩预告
002361,神剑股份,人事变动
002361,神剑股份,立案/处罚
002346,柘中股份,破产重整
002346,柘中股份,分红/增持/回购
002346,柘中股份,业绩预告
002346,柘中股份,并购重组
002329,皇氏集团,业绩预告
002329,皇氏集团,出售/转让
002329,皇氏集团,重大诉讼
002327,富安娜,人事变动
002254,泰和新材,业绩预告
002254,泰和新材,破产重整
002208,合肥城建,破产重整
002208,合肥城建,业绩预告
002208,合肥城建,并购重组
002175,*ST东智,并购重组
002175,*ST东智,出售/转让
002175,*ST东智,人事变动
002175,*ST东智,破产重整
002166,莱茵生物,业绩预告
002166,莱茵生物,并购重组
002166,莱茵生物,破产重整
002146,荣盛发展,破产重整
002146,荣盛发展,业绩预告
002146,荣盛发展,重大诉讼
002096,易普力,人事变动
002096,易普力,破产重整
002096,易普力,分红/增持/回购
002096,易普力,业绩预告
002085,万丰奥威,人事变动
002085,万丰奥威,破产重整
002085,万丰奥威,分红/增持/回购
002036,联创电子,破产重整
002036,联创电子,质押/解押
002036,联创电子,业绩预告
002036,联创电子,并购重组
002036,联创电子,出售/转让
002036,联创电子,重大诉讼
002030,达安基因,破产重整
002030,达安基因,业绩预告
002030,达安基因,出售/转让
002030,达安基因,人事变动
002025,航天电器,分红/增持/回购
002025,航天电器,出售/转让
002025,航天电器,破产重整
001366,播恩集团,业绩预告
001366,播恩集团,质押/解押
001366,播恩集团,分红/增持/回购
001366,播恩集团,人事变动
001366,播恩集团,并购重组
000981,山子高科,业绩预告
000981,山子高科,澄清/辟谣
000923,河钢资源,分红/增持/回购
000923,河钢资源,业绩预告
000923,河钢资源,人事变动
000920,沃顿科技,分红/增持/回购
000875,电投绿能,并购重组
000875,电投绿能,破产重整
000875,电投绿能,分红/增持/回购
000612,焦作万方,业绩预告
000612,焦作万方,并购重组
000554,泰山石油,破产重整
000554,泰山石油,人事变动
000554,泰山石油,分红/增持/回购
000554,泰山石油,业绩预告
000544,中原环保,人事变动
000544,中原环保,出售/转让
000338,潍柴动力,人事变动
000338,潍柴动力,分红/增持/回购
000061,农产品,破产重整
000061,农产品,人事变动
920807,奔朗新材,分红/增持/回购
920493,并行科技,并购重组
920493,并行科技,业绩预告
920493,并行科技,立案/处罚
920493,并行科技,分红/增持/回购
920298,腾信精密,破产重整
920298,腾信精密,出售/转让
920178,锐翔智能,分红/增持/回购
920158,长江能科,分红/增持/回购
920108,宏海科技,分红/增持/回购
920108,宏海科技,破产重整
920011,晨光电机,破产重整
920009,丹娜生物,破产重整
920009,丹娜生物,分红/增持/回购
874772,腾信精密,破产重整
874772,腾信精密,出售/转让
688366,昊海生科,分红/增持/回购
688180,君实生物,出售/转让
688180,君实生物,业绩预告
688131,皓元医药,分红/增持/回购
688131,皓元医药,质押/解押
688131,皓元医药,业绩预告
605599,菜百股份,业绩预告
603757,大元泵业,出售/转让
603757,大元泵业,业绩预告
603757,大元泵业,分红/增持/回购
603725,天安新材,质押/解押
603725,天安新材,分红/增持/回购
603725,天安新材,业绩预告
603577,汇金通,业绩预告
603319,美湖股份,人事变动
603319,美湖股份,质押/解押
603319,美湖股份,分红/增持/回购
603319,美湖股份,业绩预告
603285,键邦股份,并购重组
603285,键邦股份,分红/增持/回购
603172,万丰股份,业绩预告
603125,常青科技,业绩预告
600981,苏豪汇鸿,分红/增持/回购
600981,苏豪汇鸿,业绩预告
600981,苏豪汇鸿,破产重整
600935,华塑股份,业绩预告
600872,中炬高新,分红/增持/回购
600872,中炬高新,业绩预告
600581,*ST八钢,出售/转让
600581,*ST八钢,破产重整
600581,*ST八钢,人事变动
600581,*ST八钢,业绩预告
600581,*ST八钢,立案/处罚
600169,ST太重,分红/增持/回购
600169,ST太重,业绩预告
600056,中国医药,业绩预告
600056,中国医药,人事变动
600056,中国医药,重大诉讼
301632,广东建科,破产重整
301632,广东建科,人事变动
301617,博苑新材,破产重整
301617,博苑新材,人事变动
301617,博苑新材,分红/增持/回购
301598,博科测试,人事变动
301598,博科测试,破产重整
301575,艾芬达,人事变动
301575,艾芬达,分红/增持/回购
301236,软通动力,分红/增持/回购
301236,软通动力,质押/解押
301236,软通动力,人事变动
301236,软通动力,破产重整
301234,五洲医疗,质押/解押
301234,五洲医疗,并购重组
301234,五洲医疗,出售/转让
301205,联特科技,业绩预告
301205,联特科技,人事变动
301205,联特科技,破产重整
301197,工大科雅,出售/转让
301197,工大科雅,分红/增持/回购
301193,家联科技,立案/处罚
301193,家联科技,分红/增持/回购
301193,家联科技,人事变动
301193,家联科技,破产重整
301179,泽宇智能,业绩预告
301179,泽宇智能,并购重组
301139,*ST元道,退市风险
301139,*ST元道,重大诉讼
301139,*ST元道,质押/解押
301139,*ST元道,立案/处罚
301133,金钟股份,破产重整
301133,金钟股份,并购重组
301133,金钟股份,人事变动
301133,金钟股份,出售/转让
300982,苏文电能,破产重整
300982,苏文电能,分红/增持/回购
300962,中金辐照,分红/增持/回购
300962,中金辐照,人事变动
300962,中金辐照,破产重整
300940,南极光,质押/解押
300845,捷安高科,人事变动
300845,捷安高科,破产重整
300678,中科信息,破产重整
300628,亿联网络,分红/增持/回购
300628,亿联网络,业绩预告
300616,尚品宅配,质押/解押
300616,尚品宅配,出售/转让
300592,华凯易佰,分红/增持/回购
300592,华凯易佰,业绩预告
300592,华凯易佰,并购重组
300592,华凯易佰,质押/解押
300575,中旗股份,立案/处罚
300575,中旗股份,质押/解押
300563,神宇股份,破产重整
300563,神宇股份,人事变动
300307,慈星股份,业绩预告
300307,慈星股份,分红/增持/回购
300237,ST美晨,重大诉讼
300237,ST美晨,并购重组
300237,ST美晨,出售/转让
300212,*ST易录,破产重整
300212,*ST易录,重大诉讼
300001,特锐德,业绩预告
300001,特锐德,分红/增持/回购
300001,特锐德,人事变动
300001,特锐德,质押/解押
002819,东方中科,分红/增持/回购
002819,东方中科,业绩预告
002819,东方中科,重大诉讼
688701,卓锦股份,人事变动
688701,卓锦股份,业绩预告
688639,华恒生物,人事变动
688639,华恒生物,业绩预告
688610,埃科光电,业绩预告
688610,埃科光电,分红/增持/回购
688610,埃科光电,人事变动
688586,江航装备,业绩预告
688556,高测股份,质押/解押
688556,高测股份,重大诉讼
688525,佰维存储,业绩预告
688525,佰维存储,分红/增持/回购
688432,有研硅,业绩预告
688432,有研硅,并购重组
688432,有研硅,出售/转让
688398,赛特新材,分红/增持/回购
688398,赛特新材,人事变动
688398,赛特新材,破产重整
688398,赛特新材,业绩预告
688381,帝奥微,人事变动
688381,帝奥微,出售/转让
688381,帝奥微,分红/增持/回购
688381,帝奥微,破产重整
688350,富淼科技,分红/增持/回购
688350,富淼科技,并购重组
688350,富淼科技,人事变动
688350,富淼科技,业绩预告
688350,富淼科技,立案/处罚
688347,华虹宏力,破产重整
688347,华虹宏力,并购重组
688302,海创药业,人事变动
688302,海创药业,破产重整
688270,ST臻镭,人事变动
688270,ST臻镭,业绩预告
688270,ST臻镭,破产重整
688200,华峰测控,出售/转让
688193,仁度生物,出售/转让
688193,仁度生物,人事变动
688163,赛伦生物,分红/增持/回购
688163,赛伦生物,破产重整
688081,兴图新科,业绩预告
688081,兴图新科,重大诉讼
688081,兴图新科,人事变动
688041,海光信息,业绩预告
688041,海光信息,人事变动
688012,中微公司,并购重组
688012,中微公司,人事变动
688012,中微公司,业绩预告
688012,中微公司,破产重整
688004,博汇科技,出售/转让
688003,天准科技,业绩预告
605589,圣泉集团,质押/解押
605589,圣泉集团,业绩预告
605589,圣泉集团,破产重整
605567,春雪食品,分红/增持/回购
605567,春雪食品,业绩预告
605255,天普股份,业绩预告
605255,天普股份,分红/增持/回购
605255,天普股份,并购重组
605183,确成股份,人事变动
605183,确成股份,破产重整
605183,确成股份,分红/增持/回购
605183,确成股份,业绩预告
603997,继峰股份,业绩预告
603958,哈森股份,业绩预告
603958,哈森股份,并购重组
603958,哈森股份,出售/转让
603922,ST金鸿顺,立案/处罚
603922,ST金鸿顺,退市风险
603922,ST金鸿顺,质押/解押
603922,ST金鸿顺,人事变动
603922,ST金鸿顺,出售/转让
603922,ST金鸿顺,破产重整
603908,牧高笛,业绩预告
603908,牧高笛,人事变动
603803,瑞斯康达,业绩预告
603803,瑞斯康达,人事变动
603803,瑞斯康达,重大诉讼
603787,新日股份,破产重整
603787,新日股份,质押/解押
603787,新日股份,业绩预告
603786,科博达,业绩预告
603611,诺力股份,人事变动
603611,诺力股份,业绩预告
603611,诺力股份,破产重整
603389,亚振家居,退市风险
603389,亚振家居,业绩预告
603389,亚振家居,并购重组
603358,华达科技,分红/增持/回购
603358,华达科技,业绩预告
603335,迪生力,质押/解押
603335,迪生力,业绩预告
603335,迪生力,并购重组
603322,超讯科技,质押/解押
603322,超讯科技,重大诉讼
603322,超讯科技,人事变动
603322,超讯科技,业绩预告
603288,海天味业,分红/增持/回购
603288,海天味业,业绩预告
603286,日盈电子,业绩预告
603286,日盈电子,出售/转让
603231,索宝蛋白,分红/增持/回购
603231,索宝蛋白,业绩预告
603209,兴通股份,分红/增持/回购
603209,兴通股份,业绩预告
603209,兴通股份,出售/转让
603202,天有为,分红/增持/回购
603202,天有为,业绩预告
603111,康尼机电,澄清/辟谣
603111,康尼机电,分红/增持/回购
603111,康尼机电,业绩预告
603086,先达股份,出售/转让
603086,先达股份,业绩预告
603002,宏昌电子,业绩预告
603002,宏昌电子,立案/处罚
603002,宏昌电子,分红/增持/回购
601880,辽港股份,人事变动
601880,辽港股份,分红/增持/回购
601880,辽港股份,破产重整
601880,辽港股份,业绩预告
601838,成都银行,人事变动
601838,成都银行,分红/增持/回购
601838,成都银行,业绩预告
601700,风范股份,破产重整
601700,风范股份,质押/解押
601700,风范股份,出售/转让
601700,风范股份,业绩预告
601696,中银证券,分红/增持/回购
601696,中银证券,破产重整
601579,会稽山,业绩预告
601579,会稽山,质押/解押
601518,吉林高速,分红/增持/回购
601518,吉林高速,破产重整
601518,吉林高速,业绩预告
601162,天风证券,业绩预告
601162,天风证券,人事变动
601162,天风证券,立案/处罚
601162,天风证券,并购重组
601107,四川成渝,人事变动
601107,四川成渝,业绩预告
600986,浙文互联,人事变动
600986,浙文互联,业绩预告
600959,江苏有线,破产重整
600959,江苏有线,分红/增持/回购
600959,江苏有线,业绩预告
600938,中国海油,业绩预告
600938,中国海油,破产重整
600933,爱柯迪,业绩预告
600933,爱柯迪,并购重组
600928,西安银行,分红/增持/回购
600928,西安银行,重大诉讼
600928,西安银行,破产重整
600928,西安银行,质押/解押
600928,西安银行,业绩预告
600886,国投电力,分红/增持/回购
600886,国投电力,业绩预告
600886,国投电力,破产重整
600869,远东股份,分红/增持/回购
600869,远东股份,业绩预告
600869,远东股份,并购重组
600869,远东股份,质押/解押
600805,悦达投资,分红/增持/回购
600805,悦达投资,业绩预告
600784,鲁银投资,出售/转让
600784,鲁银投资,分红/增持/回购
600784,鲁银投资,业绩预告
600784,鲁银投资,人事变动
600783,鲁信创投,出售/转让
600783,鲁信创投,破产重整
600783,鲁信创投,业绩预告
600782,新钢股份,破产重整
600782,新钢股份,业绩预告
600782,新钢股份,出售/转让
600768,富邦新材,分红/增持/回购
600768,富邦新材,业绩预告
600768,富邦新材,重大诉讼
600764,中国海防,破产重整
600764,中国海防,业绩预告
600764,中国海防,人事变动
600753,ST海钦,业绩预告
600753,ST海钦,立案/处罚
600753,ST海钦,人事变动
600751,海航科技,分红/增持/回购
600751,海航科技,重大诉讼
600751,海航科技,出售/转让
600751,海航科技,业绩预告
600745,*ST闻泰,退市风险
600745,*ST闻泰,并购重组
600745,*ST闻泰,业绩预告
600745,*ST闻泰,分红/增持/回购
600745,*ST闻泰,重大诉讼
600735,ST新华锦,退市风险
600735,ST新华锦,并购重组
600735,ST新华锦,破产重整
600735,ST新华锦,立案/处罚
600733,北汽蓝谷,业绩预告
600733,北汽蓝谷,分红/增持/回购
600733,北汽蓝谷,重大诉讼
600733,北汽蓝谷,并购重组
600712,南宁百货,业绩预告
600712,南宁百货,破产重整
600690,海尔智家,分红/增持/回购
600690,海尔智家,破产重整
600628,新世界,破产重整
600628,新世界,分红/增持/回购
600628,新世界,业绩预告
600604,市北高新,业绩预告
600604,市北高新,出售/转让
600580,卧龙电驱,分红/增持/回购
600580,卧龙电驱,业绩预告
600561,江西长运,并购重组
600561,江西长运,重大诉讼
600561,江西长运,破产重整
600561,江西长运,业绩预告
600523,贵航股份,业绩预告
600490,鹏欣资源,分红/增持/回购
600490,鹏欣资源,业绩预告
600490,鹏欣资源,人事变动
600490,鹏欣资源,出售/转让
600481,双良节能,业绩预告
600428,中远海特,人事变动
600428,中远海特,业绩预告
600428,中远海特,分红/增持/回购
600428,中远海特,破产重整
600299,安迪苏,分红/增持/回购
600299,安迪苏,业绩预告
600299,安迪苏,立案/处罚
600299,安迪苏,人事变动
600295,鄂尔多斯,业绩预告
600281,华阳新材,业绩预告
600281,华阳新材,出售/转让
600281,华阳新材,人事变动
600279,重庆港,破产重整
600279,重庆港,分红/增持/回购
600279,重庆港,人事变动
600279,重庆港,业绩预告
600279,重庆港,并购重组
600235,民丰特纸,人事变动
600235,民丰特纸,业绩预告
600235,民丰特纸,分红/增持/回购
600177,雅戈尔,业绩预告
600177,雅戈尔,分红/增持/回购
600166,福田汽车,分红/增持/回购
600166,福田汽车,业绩预告
600166,福田汽车,破产重整
600166,福田汽车,出售/转让
600138,中青旅,业绩预告
600138,中青旅,出售/转让
600138,中青旅,人事变动
600082,ST海泰,业绩预告
600082,ST海泰,破产重整
600082,ST海泰,出售/转让
600061,国投资本,分红/增持/回购
600061,国投资本,人事变动
600061,国投资本,破产重整
600061,国投资本,业绩预告
301525,儒竞科技,分红/增持/回购
301136,招标股份,破产重整
301136,招标股份,人事变动
300932,三友联众,分红/增持/回购
300932,三友联众,人事变动
300932,三友联众,破产重整
300876,蒙泰高新,人事变动
300876,蒙泰高新,破产重整
300876,蒙泰高新,质押/解押
300828,锐新科技,并购重组
300828,锐新科技,人事变动
300579,数字认证,业绩预告
300579,数字认证,破产重整
300579,数字认证,人事变动
300566,激智科技,质押/解押
300566,激智科技,分红/增持/回购
300347,泰格医药,分红/增持/回购
300347,泰格医药,立案/处罚
300277,汽轮科技,分红/增持/回购
300277,汽轮科技,破产重整
300261,雅本化学,质押/解押
300261,雅本化学,分红/增持/回购
300261,雅本化学,立案/处罚
300255,常山药业,人事变动
300255,常山药业,质押/解押
300227,光韵达,破产重整
300227,光韵达,人事变动
300227,光韵达,出售/转让
300227,光韵达,质押/解押
300079,数码视讯,分红/增持/回购
300079,数码视讯,出售/转让
003016,欣贺股份,业绩预告
003016,欣贺股份,并购重组
003016,欣贺股份,重大诉讼
003012,东鹏控股,分红/增持/回购
003012,东鹏控股,业绩预告
003004,声迅股份,并购重组
003004,声迅股份,业绩预告
003004,声迅股份,人事变动
002972,科安达,分红/增持/回购
002972,科安达,人事变动
002972,科安达,业绩预告
002972,科安达,破产重整
002969,嘉美包装,人事变动
002969,嘉美包装,业绩预告
002969,嘉美包装,破产重整
002969,嘉美包装,分红/增持/回购
002938,鹏鼎控股,立案/处罚
002938,鹏鼎控股,并购重组
002862,实丰文化,破产重整
002862,实丰文化,质押/解押
002859,洁美科技,质押/解押
002859,洁美科技,并购重组
002859,洁美科技,出售/转让
002859,洁美科技,分红/增持/回购
002859,洁美科技,立案/处罚
002769,普路通,并购重组
002769,普路通,业绩预告
002769,普路通,人事变动
002743,ST富煌,人事变动
002743,ST富煌,重大诉讼
002743,ST富煌,业绩预告
002743,ST富煌,质押/解押
002743,ST富煌,立案/处罚
002743,ST富煌,破产重整
002743,ST富煌,退市风险
002694,*ST顾地,业绩预告
002694,*ST顾地,重大诉讼
002694,*ST顾地,人事变动
002683,广东宏大,分红/增持/回购
002683,广东宏大,人事变动
002681,奋达科技,质押/解押
002681,奋达科技,业绩预告
002651,利君股份,质押/解押
002651,利君股份,分红/增持/回购
002651,利君股份,人事变动
002651,利君股份,重大诉讼
002607,中公教育,破产重整
002531,天顺风能,业绩预告
002531,天顺风能,质押/解押
002513,蓝丰生化,破产重整
002513,蓝丰生化,人事变动
002513,蓝丰生化,业绩预告
002383,合众思壮,业绩预告
002383,合众思壮,出售/转让
002380,科远智慧,重大诉讼
002379,宏桥控股,业绩预告
002379,宏桥控股,立案/处罚
002379,宏桥控股,并购重组
002369,卓翼科技,质押/解押
002369,卓翼科技,业绩预告
002369,卓翼科技,重大诉讼
002328,新朋股份,人事变动
002328,新朋股份,业绩预告
002328,新朋股份,破产重整
002328,新朋股份,分红/增持/回购
002268,电科网安,业绩预告
002268,电科网安,重大诉讼
002268,电科网安,破产重整
002156,通富微电,业绩预告
002156,通富微电,破产重整
002055,ST得润,重大诉讼
002055,ST得润,质押/解押
002055,ST得润,出售/转让
002006,精工科技,分红/增持/回购
002006,精工科技,质押/解押
001331,胜通能源,人事变动
001331,胜通能源,业绩预告
001331,胜通能源,破产重整
001331,胜通能源,重大诉讼
001331,胜通能源,并购重组
000987,越秀资本,分红/增持/回购
000987,越秀资本,业绩预告
000987,越秀资本,人事变动
000977,浪潮信息,业绩预告
000977,浪潮信息,立案/处罚
000936,华西股份,分红/增持/回购
000936,华西股份,业绩预告
000936,华西股份,破产重整
000936,华西股份,人事变动
000921,海信家电,出售/转让
000921,海信家电,分红/增持/回购
000752,*ST西发,破产重整
000752,*ST西发,退市风险
000752,*ST西发,重大诉讼
000752,*ST西发,并购重组
000723,美锦能源,业绩预告
000723,美锦能源,质押/解押
000723,美锦能源,人事变动
000723,美锦能源,破产重整
000677,ST海龙,分红/增持/回购
000677,ST海龙,退市风险
000677,ST海龙,并购重组
000590,古汉医药,业绩预告
000590,古汉医药,分红/增持/回购
000590,古汉医药,重大诉讼
000513,丽珠集团,分红/增持/回购
000513,丽珠集团,人事变动
000034,神州数码,破产重整
000034,神州数码,分红/增持/回购
920833,美心翼申,人事变动
920833,美心翼申,破产重整
920833,美心翼申,并购重组
920833,美心翼申,立案/处罚
920833,美心翼申,出售/转让
920570,坤博精工,分红/增持/回购
920445,龙竹科技,破产重整
920445,龙竹科技,分红/增持/回购
920211,新睿电子,分红/增持/回购
920211,新睿电子,破产重整
920176,维琪科技,破产重整
920176,维琪科技,出售/转让
920176,维琪科技,分红/增持/回购
920174,五新智能,并购重组
920174,五新智能,业绩预告
920174,五新智能,出售/转让
920098,科隆新材,破产重整
920005,鼎佳精密,分红/增持/回购
688805,健信超导,业绩预告
688790,昂瑞微,人事变动
688790,昂瑞微,业绩预告
688685,迈信林,出售/转让
688685,迈信林,重大诉讼
688685,迈信林,人事变动
688685,迈信林,破产重整
688685,迈信林,业绩预告
688681,科汇股份,业绩预告
688597,煜邦电力,业绩预告
688597,煜邦电力,破产重整
688496,*ST清越,退市风险
688496,*ST清越,立案/处罚
688496,*ST清越,人事变动
688368,晶丰明源,分红/增持/回购
688368,晶丰明源,并购重组
688325,赛微微电,并购重组
688325,赛微微电,出售/转让
688218,江苏北人,业绩预告
688218,江苏北人,破产重整
688211,中科微至,业绩预告
688205,德科立,出售/转让
688205,德科立,业绩预告
688205,德科立,分红/增持/回购
688167,炬光科技,业绩预告
688167,炬光科技,立案/处罚
688167,炬光科技,分红/增持/回购
688167,炬光科技,破产重整
688128,中国电研,立案/处罚
688128,中国电研,业绩预告
688128,中国电研,分红/增持/回购
688128,中国电研,人事变动
688072,拓荆科技,并购重组
688072,拓荆科技,分红/增持/回购
688072,拓荆科技,出售/转让
688069,德林海,重大诉讼
688069,德林海,业绩预告
688046,药康生物,业绩预告
688046,药康生物,分红/增持/回购
688046,药康生物,出售/转让
688023,安恒信息,业绩预告
688023,安恒信息,破产重整
688023,安恒信息,分红/增持/回购
688006,杭可科技,出售/转让
688006,杭可科技,破产重整
688006,杭可科技,分红/增持/回购
688006,杭可科技,业绩预告
688002,睿创微纳,分红/增持/回购
688002,睿创微纳,出售/转让
688002,睿创微纳,业绩预告
605162,新中港,业绩预告
605086,龙高股份,分红/增持/回购
605086,龙高股份,人事变动
605086,龙高股份,业绩预告
605086,龙高股份,破产重整
605086,龙高股份,并购重组
605050,福然德,分红/增持/回购
605050,福然德,重大诉讼
605050,福然德,业绩预告
605018,长华集团,出售/转让
605018,长华集团,并购重组
605018,长华集团,业绩预告
603893,瑞芯微,业绩预告
603893,瑞芯微,分红/增持/回购
603867,新化股份,分红/增持/回购
603867,新化股份,业绩预告
603826,坤彩科技,质押/解押
603826,坤彩科技,分红/增持/回购
603826,坤彩科技,业绩预告
603790,雅运股份,人事变动
603790,雅运股份,质押/解押
603779,威龙股份,质押/解押
603779,威龙股份,业绩预告
603779,威龙股份,重大诉讼
603779,威龙股份,出售/转让
603779,威龙股份,破产重整
603779,威龙股份,人事变动
603626,科森科技,质押/解押
603626,科森科技,业绩预告
603535,嘉诚国际,立案/处罚
603535,嘉诚国际,分红/增持/回购
603535,嘉诚国际,业绩预告
603496,恒为科技,并购重组
603496,恒为科技,分红/增持/回购
603326,我乐家居,重大诉讼
603326,我乐家居,业绩预告
603315,福鞍股份,分红/增持/回购
603315,福鞍股份,质押/解押
603315,福鞍股份,业绩预告
603275,众辰科技,分红/增持/回购
603275,众辰科技,业绩预告
603201,常润股份,并购重组
603201,常润股份,分红/增持/回购
603201,常润股份,业绩预告
603163,圣晖集成,业绩预告
603163,圣晖集成,分红/增持/回购
603128,华贸物流,人事变动
603128,华贸物流,破产重整
603128,华贸物流,分红/增持/回购
603128,华贸物流,立案/处罚
603077,和邦生物,分红/增持/回购
603077,和邦生物,业绩预告
603077,和邦生物,质押/解押
603077,和邦生物,人事变动
603069,海汽集团,并购重组
603069,海汽集团,业绩预告
603069,海汽集团,破产重整
603069,海汽集团,人事变动
603040,新坐标,业绩预告
603040,新坐标,分红/增持/回购
603039,泛微网络,人事变动
603039,泛微网络,业绩预告
603039,泛微网络,破产重整
603039,泛微网络,分红/增持/回购
601886,江河集团,分红/增持/回购
601886,江河集团,并购重组
601886,江河集团,业绩预告
601868,中国能建,分红/增持/回购
601868,中国能建,业绩预告
601607,上海医药,分红/增持/回购
601607,上海医药,出售/转让
601607,上海医药,业绩预告
601606,长城军工,分红/增持/回购
601606,长城军工,业绩预告
601390,中国中铁,破产重整
601390,中国中铁,分红/增持/回购
601390,中国中铁,人事变动
601390,中国中铁,业绩预告
601369,陕鼓动力,并购重组
601369,陕鼓动力,破产重整
601369,陕鼓动力,出售/转让
601369,陕鼓动力,业绩预告
601369,陕鼓动力,分红/增持/回购
601328,交通银行,分红/增持/回购
601328,交通银行,业绩预告
601328,交通银行,并购重组
601231,环旭电子,业绩预告
601222,林洋能源,出售/转让
601222,林洋能源,分红/增持/回购
601222,林洋能源,业绩预告
601106,中国一重,业绩预告
601106,中国一重,人事变动
600854,春兰股份,业绩预告
600844,金煤科技,破产重整
600844,金煤科技,质押/解押
600844,金煤科技,业绩预告
600844,金煤科技,重大诉讼
600820,隧道股份,分红/增持/回购
600820,隧道股份,业绩预告
600807,济高发展,业绩预告
600807,济高发展,重大诉讼
600725,云维股份,业绩预告
600725,云维股份,并购重组
600721,百花医药,破产重整
600721,百花医药,人事变动
600721,百花医药,业绩预告
600707,彩虹股份,并购重组
600707,彩虹股份,业绩预告
600707,彩虹股份,质押/解押
600682,南京新百,业绩预告
600682,南京新百,质押/解押
600682,南京新百,人事变动
600675,中华企业,业绩预告
600675,中华企业,分红/增持/回购
600675,中华企业,破产重整
600638,新黄浦,分红/增持/回购
600638,新黄浦,业绩预告
600619,海立股份,业绩预告
600619,海立股份,破产重整
600619,海立股份,分红/增持/回购
600615,鑫源智造,人事变动
600615,鑫源智造,业绩预告
600602,云赛智联,人事变动
600602,云赛智联,分红/增持/回购
600602,云赛智联,出售/转让
600566,济川药业,分红/增持/回购
600566,济川药业,业绩预告
600566,济川药业,破产重整
600566,济川药业,并购重组
600517,国网英大,出售/转让
600517,国网英大,分红/增持/回购
600517,国网英大,业绩预告
600476,*ST湘邮,破产重整
600476,*ST湘邮,出售/转让
600476,*ST湘邮,业绩预告
600460,士兰微,分红/增持/回购
600460,士兰微,业绩预告
600460,士兰微,质押/解押
600455,博通股份,立案/处罚
600455,博通股份,业绩预告
600420,国药现代,业绩预告
600420,国药现代,出售/转让
600420,国药现代,人事变动
600420,国药现代,破产重整
600420,国药现代,并购重组
600420,国药现代,分红/增持/回购
600325,华发股份,出售/转让
600325,华发股份,业绩预告
600325,华发股份,重大诉讼
600236,桂冠电力,破产重整
600236,桂冠电力,分红/增持/回购
600236,桂冠电力,业绩预告
600208,衢州发展,业绩预告
600208,衢州发展,人事变动
600208,衢州发展,质押/解押
600199,金种子酒,业绩预告
600199,金种子酒,人事变动
600136,ST明诚,立案/处罚
600136,ST明诚,业绩预告
600136,ST明诚,并购重组
600063,皖维高新,并购重组
600063,皖维高新,出售/转让
600063,皖维高新,人事变动
600063,皖维高新,业绩预告
600063,皖维高新,分红/增持/回购
600063,皖维高新,立案/处罚
600057,厦门象屿,人事变动
600057,厦门象屿,破产重整
600057,厦门象屿,业绩预告
600026,中远海能,破产重整
600026,中远海能,人事变动
600026,中远海能,分红/增持/回购
600026,中远海能,业绩预告
600023,浙能电力,业绩预告
600023,浙能电力,分红/增持/回购
600009,上海机场,分红/增持/回购
600009,上海机场,并购重组
600009,上海机场,业绩预告
301717,超纯应材,破产重整
301630,同宇新材,破产重整
301539,宏鑫科技,分红/增持/回购
301539,宏鑫科技,人事变动
301518,长华化学,分红/增持/回购
301518,长华化学,人事变动
301488,豪恩汽电,人事变动
301488,豪恩汽电,分红/增持/回购
301488,豪恩汽电,破产重整
301335,天元宠物,并购重组
301266,宇邦新材,并购重组
301266,宇邦新材,分红/增持/回购
301266,宇邦新材,破产重整
301266,宇邦新材,出售/转让
301246,宏源药业,人事变动
301175,中科环保,业绩预告
301175,中科环保,分红/增持/回购
301175,中科环保,人事变动
301175,中科环保,破产重整
301086,鸿富瀚,业绩预告
301086,鸿富瀚,分红/增持/回购
301055,张小泉,分红/增持/回购
301055,张小泉,质押/解押
301023,奕帆传动,出售/转让
301023,奕帆传动,分红/增持/回购
301023,奕帆传动,人事变动
301005,超捷股份,破产重整
301005,超捷股份,分红/增持/回购
301005,超捷股份,立案/处罚
300960,通业科技,分红/增持/回购
300960,通业科技,人事变动
300852,四会富仕,分红/增持/回购
300816,艾可蓝,并购重组
300816,艾可蓝,业绩预告
300801,泰和科技,业绩预告
300801,泰和科技,分红/增持/回购
300750,宁德时代,破产重整
300750,宁德时代,分红/增持/回购
300726,宏达电子,出售/转让
300726,宏达电子,业绩预告
300726,宏达电子,并购重组
300712,永福股份,质押/解押
300712,永福股份,重大诉讼
300712,永福股份,破产重整
300677,英科医疗,质押/解押
300677,英科医疗,分红/增持/回购
300622,博士眼镜,分红/增持/回购
300622,博士眼镜,重大诉讼
300556,丝路视觉,重大诉讼
300556,丝路视觉,业绩预告
300536,农尚环境,业绩预告
300536,农尚环境,重大诉讼
300536,农尚环境,人事变动
300492,华图山鼎,质押/解押
300492,华图山鼎,分红/增持/回购
300492,华图山鼎,重大诉讼
300492,华图山鼎,业绩预告
300448,浩云科技,质押/解押
300448,浩云科技,分红/增持/回购
300352,ST信源,退市风险
300352,ST信源,质押/解押
300352,ST信源,人事变动
300333,兆日科技,并购重组
300333,兆日科技,出售/转让
300329,海伦钢琴,人事变动
300329,海伦钢琴,质押/解押
300329,海伦钢琴,破产重整
300205,*ST天喻,立案/处罚
300205,*ST天喻,退市风险
300205,*ST天喻,重大诉讼
300187,永清环保,质押/解押
300187,永清环保,业绩预告
300143,盈康生命,分红/增持/回购
300143,盈康生命,人事变动
300143,盈康生命,破产重整
300014,亿纬锂能,质押/解押
300014,亿纬锂能,分红/增持/回购
300014,亿纬锂能,破产重整
300014,亿纬锂能,重大诉讼
300014,亿纬锂能,并购重组
003025,思进智能,分红/增持/回购
003025,思进智能,业绩预告
002998,优彩资源,业绩预告
002998,优彩资源,分红/增持/回购
002998,优彩资源,破产重整
002998,优彩资源,并购重组
002998,优彩资源,出售/转让
002998,优彩资源,立案/处罚
002997,瑞鹄模具,分红/增持/回购
002997,瑞鹄模具,质押/解押
002971,和远气体,分红/增持/回购
002971,和远气体,业绩预告
002971,和远气体,质押/解押
002959,小熊电器,人事变动
002959,小熊电器,分红/增持/回购
002959,小熊电器,质押/解押
002937,兴瑞科技,破产重整
002937,兴瑞科技,质押/解押
002930,宏川智慧,业绩预告
002930,宏川智慧,破产重整
002930,宏川智慧,质押/解押
002865,钧达股份,破产重整
002865,钧达股份,人事变动
002865,钧达股份,业绩预告
002865,钧达股份,质押/解押
002823,凯中精密,出售/转让
002823,凯中精密,分红/增持/回购
002823,凯中精密,质押/解押
002815,崇达技术,分红/增持/回购
002815,崇达技术,业绩预告
002789,*ST建艺,重大诉讼
002789,*ST建艺,业绩预告
002789,*ST建艺,人事变动
002722,物产金轮,分红/增持/回购
002722,物产金轮,人事变动
002321,华英农业,业绩预告
002321,华英农业,并购重组
002311,海大集团,质押/解押
002311,海大集团,分红/增持/回购
002273,水晶光电,分红/增持/回购
002273,水晶光电,质押/解押
002255,海陆重工,分红/增持/回购
002255,海陆重工,重大诉讼
002215,诺普信,重大诉讼
002203,海亮股份,分红/增持/回购
002160,常铝股份,质押/解押
002160,常铝股份,出售/转让
002160,常铝股份,破产重整
002064,华峰化学,业绩预告
002064,华峰化学,并购重组
002064,华峰化学,分红/增持/回购
002064,华峰化学,出售/转让
002060,广东建工,破产重整
002060,广东建工,重大诉讼
001359,平安电工,业绩预告
001359,平安电工,分红/增持/回购
001277,速达股份,破产重整
001277,速达股份,人事变动
000963,华东医药,质押/解押
000963,华东医药,分红/增持/回购
000935,四川双马,质押/解押
000935,四川双马,分红/增持/回购
000925,众合科技,分红/增持/回购
000925,众合科技,业绩预告
000925,众合科技,人事变动
000826,*ST启环,破产重整
000826,*ST启环,业绩预告
000826,*ST启环,重大诉讼
000819,岳阳兴长,质押/解押
000819,岳阳兴长,业绩预告
000819,岳阳兴长,人事变动
000819,岳阳兴长,破产重整
000728,国元证券,质押/解押
000728,国元证券,破产重整
000728,国元证券,分红/增持/回购
000692,惠天热电,质押/解押
000692,惠天热电,业绩预告
000692,惠天热电,重大诉讼
000692,惠天热电,人事变动
000626,远大控股,业绩预告
000626,远大控股,分红/增持/回购
000620,盈新发展,并购重组
000620,盈新发展,业绩预告
000620,盈新发展,破产重整
000620,盈新发展,立案/处罚
000620,盈新发展,重大诉讼
000620,盈新发展,人事变动
000550,江铃汽车,人事变动
000550,江铃汽车,分红/增持/回购
000550,江铃汽车,业绩预告
000157,中联重科,破产重整
000157,中联重科,分红/增持/回购
000157,中联重科,质押/解押
000157,中联重科,业绩预告
920799,艾融软件,并购重组
920781,瑞奇智造,质押/解押
920491,奥迪威,业绩预告
688796,百奥赛图,重大诉讼
688796,百奥赛图,业绩预告
688778,厦钨新能,业绩预告
688778,厦钨新能,分红/增持/回购
688778,厦钨新能,破产重整
688778,厦钨新能,并购重组
688670,金迪克,业绩预告
688652,京仪装备,分红/增持/回购
688652,京仪装备,破产重整
688652,京仪装备,人事变动
688652,京仪装备,业绩预告
688646,逸飞激光,退市风险
688646,逸飞激光,业绩预告
688646,逸飞激光,重大诉讼
688605,先锋精科,业绩预告
688600,皖仪科技,破产重整
688600,皖仪科技,业绩预告
688511,天微电子,破产重整
688511,天微电子,业绩预告
688511,天微电子,并购重组
688478,晶升股份,并购重组
688455,科捷智能,业绩预告
688390,固德威,业绩预告
688375,国博电子,业绩预告
688333,铂力特,立案/处罚
688333,铂力特,人事变动
688333,铂力特,破产重整
688333,铂力特,业绩预告
688333,铂力特,分红/增持/回购
688310,迈得医疗,业绩预告
688297,中无人机,破产重整
688297,中无人机,业绩预告
688292,浩瀚深度,业绩预告
688268,华特气体,分红/增持/回购
688268,华特气体,业绩预告
688268,华特气体,立案/处罚
688268,华特气体,破产重整
688236,春立医疗,人事变动
688236,春立医疗,破产重整
688236,春立医疗,分红/增持/回购
688236,春立医疗,业绩预告
688226,威腾电气,业绩预告
688226,威腾电气,分红/增持/回购
688226,威腾电气,破产重整
688203,海正生材,重大诉讼
688203,海正生材,业绩预告
688203,海正生材,破产重整
688203,海正生材,人事变动
688195,腾景科技,业绩预告
688195,腾景科技,出售/转让
688107,安路科技,业绩预告
688084,晶品特装,业绩预告
688084,晶品特装,人事变动
688084,晶品特装,破产重整
605507,国邦医药,业绩预告
603938,三孚股份,业绩预告
603888,新华网,出售/转让
603888,新华网,人事变动
603888,新华网,分红/增持/回购
603888,新华网,破产重整
603888,新华网,业绩预告
603888,新华网,并购重组
603789,ST星农,并购重组
603789,ST星农,重大诉讼
603789,ST星农,出售/转让
603789,ST星农,业绩预告
603789,ST星农,立案/处罚
603789,ST星农,人事变动
603789,ST星农,破产重整
603728,鸣志电器,业绩预告
603698,航天工程,业绩预告
603698,航天工程,分红/增持/回购
603612,索通发展,业绩预告
603608,天创时尚,出售/转让
603608,天创时尚,业绩预告
603608,天创时尚,并购重组
603608,天创时尚,人事变动
603608,天创时尚,破产重整
603444,吉比特,业绩预告
603444,吉比特,分红/增持/回购
603348,文灿股份,业绩预告
603348,文灿股份,人事变动
603332,苏州龙杰,业绩预告
603324,盛剑科技,业绩预告
603299,苏盐井神,业绩预告
603299,苏盐井神,分红/增持/回购
603299,苏盐井神,人事变动
603289,泰瑞机器,业绩预告
603150,万朗磁塑,分红/增持/回购
603150,万朗磁塑,质押/解押
603150,万朗磁塑,业绩预告
603055,台华新材,分红/增持/回购
603055,台华新材,质押/解押
603055,台华新材,业绩预告
601969,海南矿业,质押/解押
601969,海南矿业,破产重整
601969,海南矿业,分红/增持/回购
601969,海南矿业,人事变动
601969,海南矿业,并购重组
601969,海南矿业,业绩预告
601918,新集能源,分红/增持/回购
601918,新集能源,业绩预告
601918,新集能源,并购重组
601916,浙商银行,业绩预告
601898,中煤能源,分红/增持/回购
601898,中煤能源,业绩预告
601878,浙商证券,人事变动
601878,浙商证券,分红/增持/回购
601766,中国中车,分红/增持/回购
601766,中国中车,业绩预告
601699,潞安环能,业绩预告
601199,江南水务,分红/增持/回购
601199,江南水务,业绩预告
601156,东航物流,分红/增持/回购
601156,东航物流,破产重整
601038,一拖股份,分红/增持/回购
601038,一拖股份,立案/处罚
601038,一拖股份,破产重整
601038,一拖股份,业绩预告
600906,财达证券,质押/解押
600906,财达证券,业绩预告
600906,财达证券,分红/增持/回购
600906,财达证券,破产重整
600906,财达证券,人事变动
600885,宏发股份,业绩预告
600885,宏发股份,出售/转让
600885,宏发股份,质押/解押
600866,星湖科技,破产重整
600866,星湖科技,业绩预告
600866,星湖科技,分红/增持/回购
600866,星湖科技,并购重组
600866,星湖科技,人事变动
600831,广电网络,业绩预告
600831,广电网络,破产重整
600831,广电网络,重大诉讼
600830,香溢融通,破产重整
600830,香溢融通,业绩预告
600808,马钢股份,破产重整
600808,马钢股份,业绩预告
600808,马钢股份,人事变动
600738,丽尚国潮,分红/增持/回购
600738,丽尚国潮,业绩预告
600738,丽尚国潮,质押/解押
600730,*ST高科,人事变动
600730,*ST高科,业绩预告
600730,*ST高科,立案/处罚
600730,*ST高科,破产重整
600730,*ST高科,并购重组
600582,天地科技,业绩预告
600582,天地科技,分红/增持/回购
600556,天下秀,分红/增持/回购
600556,天下秀,业绩预告
600516,方大炭素,质押/解押
600516,方大炭素,分红/增持/回购
600516,方大炭素,业绩预告
600491,ST龙元,质押/解押
600491,ST龙元,退市风险
600491,ST龙元,并购重组
600491,ST龙元,业绩预告
600491,ST龙元,重大诉讼
600491,ST龙元,破产重整
600463,空港股份,业绩预告
600438,通威股份,业绩预告
600438,通威股份,质押/解押
600438,通威股份,并购重组
600336,澳柯玛,业绩预告
600282,南钢股份,人事变动
600282,南钢股份,业绩预告
600282,南钢股份,分红/增持/回购
600255,鑫科材料,业绩预告
600255,鑫科材料,并购重组
600233,圆通速递,业绩预告
600233,圆通速递,分红/增持/回购
600233,圆通速递,破产重整
600222,太龙药业,质押/解押
600222,太龙药业,分红/增持/回购
600222,太龙药业,人事变动
600222,太龙药业,业绩预告
600168,武汉控股,人事变动
600108,亚盛集团,分红/增持/回购
600108,亚盛集团,人事变动
600108,亚盛集团,业绩预告
600103,青山纸业,人事变动
600103,青山纸业,重大诉讼
600048,保利发展,分红/增持/回购
600048,保利发展,破产重整
600048,保利发展,业绩预告
600019,宝钢股份,业绩预告
600019,宝钢股份,分红/增持/回购
301666,大普微,业绩预告
301666,大普微,破产重整
301666,大普微,人事变动
301622,英思特,人事变动
301548,崇德科技,并购重组
301548,崇德科技,分红/增持/回购
301548,崇德科技,业绩预告
301516,中远通,人事变动
301505,苏州规划,并购重组
301459,丰茂股份,业绩预告
301381,赛维时代,出售/转让
301381,赛维时代,并购重组
301381,赛维时代,质押/解押
301381,赛维时代,分红/增持/回购
301368,丰立智能,业绩预告
301368,丰立智能,破产重整
301285,鸿日达,出售/转让
301285,鸿日达,质押/解押
301285,鸿日达,人事变动
301285,鸿日达,破产重整
301237,和顺科技,分红/增持/回购
301237,和顺科技,人事变动
301035,润丰股份,分红/增持/回购
301035,润丰股份,质押/解押
300979,华利集团,破产重整
300979,华利集团,分红/增持/回购
300979,华利集团,并购重组
300779,惠城环保,分红/增持/回购
300779,惠城环保,质押/解押
300559,佳发教育,人事变动
300559,佳发教育,破产重整
300540,蜀道装备,破产重整
300473,德尔股份,质押/解押
300473,德尔股份,并购重组
300473,德尔股份,人事变动
300465,高伟达,破产重整
300465,高伟达,人事变动
300465,高伟达,分红/增持/回购
300326,ST凯利,破产重整
300326,ST凯利,退市风险
300326,ST凯利,分红/增持/回购
300290,ST荣科,重大诉讼
300290,ST荣科,立案/处罚
300290,ST荣科,退市风险
300290,ST荣科,分红/增持/回购
300198,*ST纳川,重大诉讼
300198,*ST纳川,退市风险
300198,*ST纳川,破产重整
300198,*ST纳川,质押/解押
300198,*ST纳川,人事变动
300197,节能铁汉,并购重组
300197,节能铁汉,重大诉讼
300169,天晟新材,重大诉讼
300169,天晟新材,质押/解押
300061,旗天科技,破产重整
003041,真爱美家,破产重整
003041,真爱美家,业绩预告
003041,真爱美家,质押/解押
003041,真爱美家,并购重组
003031,中瓷电子,业绩预告
003031,中瓷电子,分红/增持/回购
003031,中瓷电子,并购重组
002999,天禾股份,破产重整
002999,天禾股份,人事变动
002973,侨银股份,分红/增持/回购
002973,侨银股份,业绩预告
002973,侨银股份,质押/解押
002973,侨银股份,并购重组
002871,伟隆股份,业绩预告
002871,伟隆股份,分红/增持/回购
002871,伟隆股份,破产重整
002797,第一创业,人事变动
002797,第一创业,分红/增持/回购
002797,第一创业,破产重整
002797,第一创业,业绩预告
002775,文科股份,重大诉讼
002775,文科股份,业绩预告
002775,文科股份,质押/解押
002629,仁智股份,业绩预告
002629,仁智股份,出售/转让
002592,ST八菱,破产重整
002592,ST八菱,人事变动
002592,ST八菱,退市风险
002592,ST八菱,分红/增持/回购
002349,精华制药,人事变动
002252,上海莱士,分红/增持/回购
002252,上海莱士,人事变动
002204,大连重工,破产重整
002204,大连重工,业绩预告
002204,大连重工,并购重组
002127,南极电商,分红/增持/回购
002127,南极电商,业绩预告
002127,南极电商,重大诉讼
002127,南极电商,质押/解押
001387,雪祺电气,质押/解押
001387,雪祺电气,出售/转让
001387,雪祺电气,人事变动
001387,雪祺电气,业绩预告
000909,*ST数源,业绩预告
000909,*ST数源,立案/处罚
000909,*ST数源,退市风险
000802,北京文化,业绩预告
000802,北京文化,重大诉讼
000802,北京文化,破产重整
000790,华神科技,并购重组
000790,华神科技,业绩预告
000790,华神科技,人事变动
000790,华神科技,破产重整
000708,中信特钢,分红/增持/回购
000703,恒逸石化,业绩预告
000703,恒逸石化,人事变动
000703,恒逸石化,分红/增持/回购
000703,恒逸石化,破产重整
000691,亚太实业,破产重整
000691,亚太实业,业绩预告
000691,亚太实业,质押/解押
000691,亚太实业,分红/增持/回购
000632,ST三木,重大诉讼
000632,ST三木,业绩预告
000632,ST三木,破产重整
000632,ST三木,人事变动
000021,深科技,人事变动
920719,宁新新材,重大诉讼
920719,宁新新材,质押/解押
920527,夜光明,分红/增持/回购
920527,夜光明,人事变动
920526,凯华材料,破产重整
920077,吉林碳谷,人事变动
920077,吉林碳谷,分红/增持/回购
920077,吉林碳谷,并购重组
688719,爱科赛博,分红/增持/回购
688719,爱科赛博,业绩预告
688695,中创股份,人事变动
688695,中创股份,破产重整
688695,中创股份,分红/增持/回购
688695,中创股份,业绩预告
688611,杭州柯林,并购重组
688611,杭州柯林,业绩预告
688611,杭州柯林,分红/增持/回购
688601,力芯微,分红/增持/回购
688601,力芯微,人事变动
688583,思看科技,分红/增持/回购
688583,思看科技,重大诉讼
688543,国科军工,人事变动
688543,国科军工,业绩预告
688403,汇成股份,分红/增持/回购
688403,汇成股份,业绩预告
688356,键凯科技,业绩预告
688356,键凯科技,破产重整
688353,华盛锂电,分红/增持/回购
688353,华盛锂电,业绩预告
688314,康拓医疗,破产重整
688314,康拓医疗,分红/增持/回购
688314,康拓医疗,业绩预告
688117,圣诺生物,分红/增持/回购
688117,圣诺生物,业绩预告
688117,圣诺生物,破产重整
688082,盛美上海,分红/增持/回购
688082,盛美上海,人事变动
688082,盛美上海,业绩预告
688075,安旭生物,分红/增持/回购
688075,安旭生物,破产重整
688075,安旭生物,业绩预告
688009,中国通号,分红/增持/回购
688009,中国通号,人事变动
605566,福莱蒽特,分红/增持/回购
605566,福莱蒽特,业绩预告
605151,西上海,业绩预告
605060,联德股份,分红/增持/回购
605060,联德股份,业绩预告
603992,松霖科技,分红/增持/回购
603992,松霖科技,业绩预告
603992,松霖科技,质押/解押
603991,领先股份,重大诉讼
603991,领先股份,业绩预告
603991,领先股份,质押/解押
603991,领先股份,人事变动
603987,康德莱,分红/增持/回购
603967,中创物流,破产重整
603967,中创物流,业绩预告
603929,亚翔集成,业绩预告
603929,亚翔集成,分红/增持/回购
603882,金域医学,分红/增持/回购
603882,金域医学,业绩预告
603861,白云电器,分红/增持/回购
603861,白云电器,业绩预告
603773,沃格光电,业绩预告
603773,沃格光电,立案/处罚
603773,沃格光电,质押/解押
603687,大胜达,业绩预告
603687,大胜达,并购重组
603679,华体科技,业绩预告
603679,华体科技,重大诉讼
603679,华体科技,出售/转让
603393,新天然气,质押/解押
603393,新天然气,业绩预告
603393,新天然气,破产重整
603393,新天然气,分红/增持/回购
603357,设计总院,分红/增持/回购
603357,设计总院,破产重整
603357,设计总院,业绩预告
603305,旭升集团,业绩预告
603278,大业股份,业绩预告
603278,大业股份,破产重整
603269,海鸥股份,分红/增持/回购
603269,海鸥股份,业绩预告
603260,合盛硅业,质押/解押
603260,合盛硅业,业绩预告
603216,梦天家居,业绩预告
603170,宝立食品,分红/增持/回购
603170,宝立食品,业绩预告
603166,福达股份,破产重整
603166,福达股份,质押/解押
603166,福达股份,业绩预告
603097,江苏华辰,分红/增持/回购
603097,江苏华辰,业绩预告
603097,江苏华辰,人事变动
603097,江苏华辰,破产重整
603059,倍加洁,分红/增持/回购
603059,倍加洁,质押/解押
603059,倍加洁,出售/转让
603059,倍加洁,业绩预告
603035,常熟汽饰,业绩预告
603016,新宏泰,业绩预告
603012,创力集团,破产重整
603012,创力集团,并购重组
603012,创力集团,分红/增持/回购
603012,创力集团,业绩预告
601985,中国核电,分红/增持/回购
601985,中国核电,出售/转让
601985,中国核电,破产重整
601985,中国核电,业绩预告
601921,浙版传媒,分红/增持/回购
601921,浙版传媒,业绩预告
601577,长沙银行,分红/增持/回购
601577,长沙银行,业绩预告
601128,常熟银行,分红/增持/回购
601128,常熟银行,人事变动
601128,常熟银行,业绩预告
600993,马应龙,分红/增持/回购
600993,马应龙,人事变动
600993,马应龙,业绩预告
600862,中航高科,人事变动
600862,中航高科,业绩预告
600789,鲁抗医药,分红/增持/回购
600789,鲁抗医药,业绩预告
600727,鲁北化工,业绩预告
600724,宁波富达,出售/转让
600724,宁波富达,业绩预告
600704,物产中大,分红/增持/回购
600704,物产中大,业绩预告
600688,上海石化,业绩预告
600649,城投控股,分红/增持/回购
600649,城投控股,业绩预告
600649,城投控股,破产重整
600596,新安股份,业绩预告
600560,金自天正,分红/增持/回购
600560,金自天正,业绩预告
600487,亨通光电,质押/解押
600487,亨通光电,业绩预告
600426,华鲁恒升,分红/增持/回购
600426,华鲁恒升,破产重整
600426,华鲁恒升,业绩预告
600362,江西铜业,人事变动
600362,江西铜业,业绩预告
600362,江西铜业,分红/增持/回购
600362,江西铜业,破产重整
600358,国旅联合,并购重组
600358,国旅联合,重大诉讼
600358,国旅联合,业绩预告
600120,浙江东方,出售/转让
600120,浙江东方,业绩预告
600113,浙江东日,破产重整
600113,浙江东日,人事变动
600113,浙江东日,业绩预告
600113,浙江东日,分红/增持/回购
600097,开创国际,破产重整
600097,开创国际,业绩预告
600095,湘财股份,质押/解押
600095,湘财股份,业绩预告
600095,湘财股份,立案/处罚
600020,中原高速,分红/增持/回购
600020,中原高速,人事变动
600020,中原高速,业绩预告
301609,山大电力,分红/增持/回购
301589,诺瓦星云,质押/解押
301589,诺瓦星云,分红/增持/回购
301587,中瑞股份,分红/增持/回购
301587,中瑞股份,立案/处罚
301587,中瑞股份,业绩预告
301560,众捷股份,人事变动
301560,众捷股份,质押/解押
301399,英特科技,人事变动
301399,英特科技,破产重整
301358,湖南裕能,人事变动
301358,湖南裕能,破产重整
301358,湖南裕能,业绩预告
301358,湖南裕能,质押/解押
301310,鑫宏业,分红/增持/回购
301310,鑫宏业,立案/处罚
301308,江波龙,业绩预告
301308,江波龙,分红/增持/回购
301308,江波龙,破产重整
301308,江波龙,重大诉讼
301308,江波龙,出售/转让
301231,荣信文化,破产重整
301199,迈赫股份,分红/增持/回购
301199,迈赫股份,人事变动
301185,鸥玛软件,业绩预告
301132,满坤科技,分红/增持/回购
300892,品渥食品,人事变动
300892,品渥食品,破产重整
300871,回盛生物,破产重整
300871,回盛生物,分红/增持/回购
300871,回盛生物,质押/解押
300871,回盛生物,出售/转让
300833,浩洋股份,并购重组
300741,华宝股份,分红/增持/回购
300741,华宝股份,业绩预告
300706,阿石创,出售/转让
300706,阿石创,质押/解押
300629,新劲刚,并购重组
300629,新劲刚,分红/增持/回购
300629,新劲刚,质押/解押
300567,精测电子,质押/解押
300567,精测电子,并购重组
300567,精测电子,出售/转让
300565,科信技术,出售/转让
300499,高澜股份,人事变动
300499,高澜股份,出售/转让
300416,苏试试验,人事变动
300416,苏试试验,破产重整
300394,天孚通信,业绩预告
300394,天孚通信,分红/增持/回购
300225,金力泰,质押/解押
300214,日科化学,并购重组
300214,日科化学,出售/转让
300210,森远股份,质押/解押
300191,潜能恒信,质押/解押
300191,潜能恒信,立案/处罚
300191,潜能恒信,人事变动
300132,诺斯贝尔,人事变动
300132,诺斯贝尔,业绩预告
300132,诺斯贝尔,破产重整
300132,诺斯贝尔,分红/增持/回购
300094,国联水产,质押/解押
300094,国联水产,出售/转让
300094,国联水产,人事变动
300094,国联水产,重大诉讼
300005,探路者,业绩预告
300005,探路者,人事变动
003003,天元股份,分红/增持/回购
003003,天元股份,质押/解押
003003,天元股份,出售/转让
002739,儒意电影,破产重整
002739,儒意电影,分红/增持/回购
002739,儒意电影,业绩预告
002736,国信证券,分红/增持/回购
002736,国信证券,并购重组
002731,*ST萃华,破产重整
002731,*ST萃华,退市风险
002731,*ST萃华,立案/处罚
002731,*ST萃华,重大诉讼
002731,*ST萃华,澄清/辟谣
002731,*ST萃华,人事变动
002653,海思科,业绩预告
002653,海思科,质押/解押
002653,海思科,破产重整
002653,海思科,分红/增持/回购
002620,*ST瑞和,重大诉讼
002620,*ST瑞和,业绩预告
002620,*ST瑞和,质押/解押
002620,*ST瑞和,立案/处罚
002620,*ST瑞和,破产重整
002540,亚太科技,分红/增持/回购
002540,亚太科技,业绩预告
002514,*ST宝馨,破产重整
002514,*ST宝馨,业绩预告
002514,*ST宝馨,重大诉讼
002514,*ST宝馨,人事变动
002386,天原股份,人事变动
002386,天原股份,业绩预告
002386,天原股份,破产重整
002332,仙琚制药,分红/增持/回购
002236,大华股份,人事变动
002236,大华股份,分红/增持/回购
002236,大华股份,出售/转让
002236,大华股份,破产重整
002170,芭田股份,分红/增持/回购
002153,石基信息,并购重组
002024,ST易购,重大诉讼
002024,ST易购,出售/转让
002024,ST易购,分红/增持/回购
002024,ST易购,人事变动
001896,豫能控股,破产重整
001896,豫能控股,出售/转让
001325,元创股份,分红/增持/回购
001325,元创股份,业绩预告
001322,箭牌家居,业绩预告
001322,箭牌家居,分红/增持/回购
001322,箭牌家居,质押/解押
001322,箭牌家居,重大诉讼
001319,铭科精技,分红/增持/回购
001319,铭科精技,业绩预告
001236,弘业期货,业绩预告
001236,弘业期货,人事变动
001236,弘业期货,分红/增持/回购
000967,盈峰环境,分红/增持/回购
000967,盈峰环境,质押/解押
000926,福星股份,业绩预告
000926,福星股份,出售/转让
000926,福星股份,并购重组
000926,福星股份,立案/处罚
000926,福星股份,质押/解押
000811,冰轮环境,并购重组
000737,北方铜业,分红/增持/回购
000737,北方铜业,业绩预告
000727,冠捷科技,业绩预告
000682,东方电子,分红/增持/回购
000663,永安林业,破产重整
000663,永安林业,分红/增持/回购
000663,永安林业,业绩预告
000631,顺发恒能,并购重组
000631,顺发恒能,业绩预告
000631,顺发恒能,人事变动
000523,红棉股份,并购重组
000523,红棉股份,业绩预告
000523,红棉股份,出售/转让
000523,红棉股份,人事变动
000498,山东路桥,分红/增持/回购
000498,山东路桥,业绩预告
000008,神州高铁,出售/转让
000008,神州高铁,并购重组
000008,神州高铁,业绩预告
000008,神州高铁,重大诉讼
920206,彩客科技,分红/增持/回购
920183,海菲曼,分红/增持/回购
920181,赛英电子,破产重整
920038,森合高科,破产重整
920038,森合高科,出售/转让
920038,森合高科,分红/增持/回购
920003,中诚咨询,分红/增持/回购
920003,中诚咨询,人事变动
688663,新风光,分红/增持/回购
688663,新风光,业绩预告
688625,呈和科技,分红/增持/回购
688625,呈和科技,人事变动
688625,呈和科技,破产重整
688613,奥精医疗,人事变动
688613,奥精医疗,分红/增持/回购
688590,新致软件,人事变动
688590,新致软件,业绩预告
688512,慧智微,业绩预告
688512,慧智微,破产重整
688489,三未信安,业绩预告
688428,诺诚健华,业绩预告
688428,诺诚健华,并购重组
688379,华光新材,分红/增持/回购
688379,华光新材,破产重整
688379,华光新材,业绩预告
688338,赛科希德,业绩预告
688283,坤恒顺维,业绩预告
688277,天智航,并购重组
688277,天智航,出售/转让
688277,天智航,人事变动
688225,亚信安全,质押/解押
688225,亚信安全,重大诉讼
688225,亚信安全,人事变动
688225,亚信安全,立案/处罚
688210,统联精密,业绩预告
688119,中钢洛耐,业绩预告
688119,中钢洛耐,重大诉讼
688115,思林杰,分红/增持/回购
688115,思林杰,人事变动
688110,东芯股份,业绩预告
688110,东芯股份,分红/增持/回购
605577,龙版传媒,破产重整
605577,龙版传媒,分红/增持/回购
605300,佳禾食品,业绩预告
605300,佳禾食品,分红/增持/回购
605222,起帆电缆,出售/转让
603933,睿能科技,并购重组
603933,睿能科技,业绩预告
603933,睿能科技,出售/转让
603933,睿能科技,立案/处罚
603901,永创智能,业绩预告
603901,永创智能,分红/增持/回购
603879,永悦科技,业绩预告
603879,永悦科技,人事变动
603819,神力股份,质押/解押
603819,神力股份,业绩预告
603681,永冠新材,分红/增持/回购
603681,永冠新材,业绩预告
603628,清源股份,业绩预告
603628,清源股份,分红/增持/回购
603598,引力传媒,重大诉讼
603598,引力传媒,业绩预告
603598,引力传媒,破产重整
603408,建霖家居,业绩预告
603408,建霖家居,破产重整
603408,建霖家居,人事变动
603367,辰欣药业,业绩预告
603367,辰欣药业,分红/增持/回购
603327,福蓉科技,破产重整
603327,福蓉科技,业绩预告
603327,福蓉科技,人事变动
603327,福蓉科技,并购重组
603276,恒兴新材,业绩预告
603276,恒兴新材,破产重整
603228,景旺电子,业绩预告
603228,景旺电子,破产重整
603219,富佳股份,业绩预告
603219,富佳股份,破产重整
603212,赛伍技术,人事变动
603212,赛伍技术,破产重整
603212,赛伍技术,业绩预告
603192,汇得科技,分红/增持/回购
603127,昭衍新药,分红/增持/回购
603127,昭衍新药,业绩预告
603124,江南新材,业绩预告
603124,江南新材,立案/处罚
603088,宁波精达,分红/增持/回购
603088,宁波精达,人事变动
603088,宁波精达,并购重组
603050,科林电气,分红/增持/回购
603050,科林电气,破产重整
603036,如通股份,分红/增持/回购
603036,如通股份,质押/解押
603022,新通联,分红/增持/回购
603022,新通联,业绩预告
603005,晶方科技,业绩预告
601928,凤凰传媒,人事变动
601928,凤凰传媒,分红/增持/回购
601928,凤凰传媒,业绩预告
601928,凤凰传媒,出售/转让
601865,福莱特,业绩预告
601865,福莱特,并购重组
601857,中国石油,业绩预告
601857,中国石油,分红/增持/回购
601857,中国石油,人事变动
601689,拓普集团,业绩预告
601633,长城汽车,破产重整
601633,长城汽车,分红/增持/回购
601633,长城汽车,业绩预告
601633,长城汽车,人事变动
601318,中国平安,分红/增持/回购
601318,中国平安,人事变动
601015,陕西黑猫,质押/解押
601015,陕西黑猫,业绩预告
600999,招商证券,业绩预告
600999,招商证券,分红/增持/回购
600999,招商证券,人事变动
600916,中国黄金,分红/增持/回购
600916,中国黄金,业绩预告
600850,电科数字,破产重整
600850,电科数字,人事变动
600850,电科数字,业绩预告
600826,兰生股份,分红/增持/回购
600826,兰生股份,业绩预告
600826,兰生股份,人事变动
600760,中航沈飞,业绩预告
600635,大众公用,质押/解押
600635,大众公用,分红/增持/回购
600571,信雅达,业绩预告
600571,信雅达,分红/增持/回购
600571,信雅达,破产重整
600568,ST中珠,破产重整
600568,ST中珠,出售/转让
600568,ST中珠,业绩预告
600568,ST中珠,分红/增持/回购
600568,ST中珠,重大诉讼
600518,康美药业,重大诉讼
600518,康美药业,人事变动
600518,康美药业,业绩预告
600493,凤竹纺织,分红/增持/回购
600493,凤竹纺织,业绩预告
600376,首开股份,业绩预告
600376,首开股份,人事变动
600376,首开股份,重大诉讼
600376,首开股份,破产重整
600363,联创光电,分红/增持/回购
600363,联创光电,人事变动
600363,联创光电,立案/处罚
600363,联创光电,重大诉讼
600363,联创光电,质押/解押
600363,联创光电,退市风险
600363,联创光电,业绩预告
600327,大东方,质押/解押
600327,大东方,分红/增持/回购
600327,大东方,业绩预告
600318,新力金融,破产重整
600318,新力金融,业绩预告
600216,浙江医药,分红/增持/回购
600216,浙江医药,业绩预告
600163,中闽能源,分红/增持/回购
600163,中闽能源,业绩预告
600162,香江控股,业绩预告
600162,香江控股,质押/解押
600162,香江控股,分红/增持/回购
600162,香江控股,人事变动
600158,中体产业,业绩预告
600158,中体产业,重大诉讼
600141,兴发集团,质押/解押
600141,兴发集团,分红/增持/回购
600141,兴发集团,立案/处罚
600123,兰花科创,业绩预告
600123,兰花科创,破产重整
600094,大名城,人事变动
600094,大名城,业绩预告
600094,大名城,质押/解押
600036,招商银行,分红/增持/回购
600036,招商银行,人事变动
600036,招商银行,破产重整
600017,日照港,人事变动
600017,日照港,破产重整
600017,日照港,业绩预告
600017,日照港,分红/增持/回购
600016,民生银行,分红/增持/回购
600016,民生银行,业绩预告
301680,固德电材,并购重组
301568,思泰克,人事变动
301498,乖宝宠物,分红/增持/回购
301498,乖宝宠物,破产重整
301498,乖宝宠物,立案/处罚
301398,星源卓镁,业绩预告
301376,致欧科技,分红/增持/回购
301376,致欧科技,立案/处罚
301376,致欧科技,破产重整
301162,国能日新,分红/增持/回购
301162,国能日新,破产重整
301071,力量钻石,分红/增持/回购
301071,力量钻石,业绩预告
301071,力量钻石,破产重整
300864,南大环境,出售/转让
300861,美畅股份,分红/增持/回购
300861,美畅股份,业绩预告
300859,西域旅游,业绩预告
300859,西域旅游,并购重组
300806,斯迪克,质押/解押
300806,斯迪克,分红/增持/回购
300806,斯迪克,破产重整
300806,斯迪克,人事变动
300735,光弘科技,业绩预告
300615,欣天科技,业绩预告
300615,欣天科技,并购重组
300615,欣天科技,出售/转让
300615,欣天科技,立案/处罚
300611,美力科技,分红/增持/回购
300611,美力科技,立案/处罚
300611,美力科技,澄清/辟谣
300605,恒锋信息,破产重整
300605,恒锋信息,出售/转让
300594,ST朗进,退市风险
300594,ST朗进,人事变动
300594,ST朗进,质押/解押
300590,移为通信,破产重整
300590,移为通信,业绩预告
300590,移为通信,分红/增持/回购
300588,熙菱信息,出售/转让
300550,和仁科技,重大诉讼
300550,和仁科技,人事变动
300454,深信服,破产重整
300442,润泽科技,分红/增持/回购
300429,强力新材,出售/转让
300357,我武生物,分红/增持/回购
300357,我武生物,质押/解押
300357,我武生物,人事变动
300308,中际旭创,分红/增持/回购
300308,中际旭创,出售/转让
300308,中际旭创,质押/解押
300200,高盟新材,破产重整
300121,阳谷华泰,质押/解押
300084,海默科技,出售/转让
300056,中创环保,人事变动
300056,中创环保,破产重整
300056,中创环保,出售/转让
300056,中创环保,重大诉讼
002935,天奥电子,破产重整
002935,天奥电子,人事变动
002935,天奥电子,业绩预告
002920,德赛西威,出售/转让
002864,盘龙药业,分红/增持/回购
002793,罗欣药业,人事变动
002793,罗欣药业,业绩预告
002793,罗欣药业,质押/解押
002761,浙江建投,分红/增持/回购
002761,浙江建投,重大诉讼
002761,浙江建投,破产重整
002761,浙江建投,人事变动
002747,埃斯顿,并购重组
002747,埃斯顿,人事变动
002747,埃斯顿,破产重整
002747,埃斯顿,业绩预告
002726,ST龙大,质押/解押
002726,ST龙大,退市风险
002726,ST龙大,分红/增持/回购
002726,ST龙大,破产重整
002726,ST龙大,重大诉讼
002726,ST龙大,业绩预告
002726,ST龙大,人事变动
002719,ST麦趣,破产重整
002719,ST麦趣,业绩预告
002719,ST麦趣,重大诉讼
002719,ST麦趣,立案/处罚
002695,煌上煌,分红/增持/回购
002695,煌上煌,业绩预告
002695,煌上煌,人事变动
002695,煌上煌,破产重整
002688,金河生物,质押/解押
002688,金河生物,破产重整
002688,金河生物,分红/增持/回购
002650,ST加加,业绩预告
002650,ST加加,破产重整
002637,赞宇科技,分红/增持/回购
002637,赞宇科技,质押/解押
002606,大连电瓷,业绩预告
002606,大连电瓷,分红/增持/回购
002605,姚记科技,分红/增持/回购
002569,*ST步森,质押/解押
002569,*ST步森,业绩预告
002569,*ST步森,重大诉讼
002569,*ST步森,破产重整
002568,百润股份,业绩预告
002568,百润股份,破产重整
002568,百润股份,分红/增持/回购
002521,齐峰新材,人事变动
002521,齐峰新材,破产重整
002521,齐峰新材,分红/增持/回购
002521,齐峰新材,质押/解押
002497,雅化集团,出售/转让
002497,雅化集团,业绩预告
002497,雅化集团,破产重整
002484,江海股份,破产重整
002478,常宝股份,人事变动
002478,常宝股份,破产重整
002415,海康威视,分红/增持/回购
002415,海康威视,破产重整
002318,久立特材,业绩预告
002318,久立特材,分红/增持/回购
002302,西部建设,业绩预告
002302,西部建设,出售/转让
002302,西部建设,破产重整
002301,齐心集团,分红/增持/回购
002124,天邦食品,重大诉讼
002124,天邦食品,业绩预告
002124,天邦食品,出售/转让
002100,天康生物,业绩预告
002100,天康生物,人事变动
002091,江苏国泰,分红/增持/回购
002091,江苏国泰,并购重组
002039,黔源电力,业绩预告
002039,黔源电力,分红/增持/回购
002037,保利联合,重大诉讼
002037,保利联合,业绩预告
002037,保利联合,人事变动
002037,保利联合,破产重整
002014,永新股份,分红/增持/回购
001367,海森药业,人事变动
001367,海森药业,破产重整
001270,铖昌科技,人事变动
001267,汇绿生态,并购重组
001267,汇绿生态,质押/解押
001267,汇绿生态,业绩预告
001267,汇绿生态,分红/增持/回购
000863,三湘印象,出售/转让
000863,三湘印象,业绩预告
000863,三湘印象,人事变动
000863,三湘印象,质押/解押
000821,ST京机,分红/增持/回购
000821,ST京机,业绩预告
000812,陕西金叶,出售/转让
000809,和展能源,业绩预告
000809,和展能源,人事变动
000809,和展能源,破产重整
000717,中南股份,业绩预告
000717,中南股份,人事变动
000592,平潭发展,破产重整
000592,平潭发展,业绩预告
000592,平潭发展,重大诉讼
000559,万向钱潮,并购重组
000428,华天酒店,业绩预告
000428,华天酒店,重大诉讼
920663,明阳科技,分红/增持/回购
920663,明阳科技,破产重整
920268,百迈科,出售/转让
920268,百迈科,人事变动
920083,金戈新材,破产重整
920083,金戈新材,人事变动
874640,百迈科,出售/转让
874640,百迈科,人事变动
688101,三达膜,分红/增持/回购
688101,三达膜,破产重整
688101,三达膜,人事变动
688101,三达膜,业绩预告
603998,方盛制药,出售/转让
603998,方盛制药,分红/增持/回购
603998,方盛制药,业绩预告
603998,方盛制药,人事变动
603998,方盛制药,破产重整
603520,司太立,质押/解押
603520,司太立,出售/转让
603520,司太立,人事变动
603520,司太立,分红/增持/回购
603273,天元智能,人事变动
603273,天元智能,业绩预告
603173,福斯达,业绩预告
601668,中国建筑,破产重整
601668,中国建筑,分红/增持/回购
601668,中国建筑,业绩预告
601515,衢州东峰,业绩预告
601377,兴业证券,人事变动
601377,兴业证券,业绩预告
601377,兴业证券,分红/增持/回购
601065,江盐集团,分红/增持/回购
601065,江盐集团,业绩预告
600894,广日股份,分红/增持/回购
600894,广日股份,业绩预告
600777,新潮能源,业绩预告
600777,新潮能源,人事变动
600777,新潮能源,分红/增持/回购
600765,中航重机,人事变动
600765,中航重机,破产重整
600765,中航重机,业绩预告
600765,中航重机,分红/增持/回购
600558,大西洋,人事变动
600558,大西洋,分红/增持/回购
600558,大西洋,破产重整
600558,大西洋,业绩预告
600215,派斯林,并购重组
600215,派斯林,业绩预告
600211,西藏药业,分红/增持/回购
600211,西藏药业,业绩预告
600203,福日电子,业绩预告
600203,福日电子,人事变动
600203,福日电子,破产重整
301489,思泉新材,破产重整
301489,思泉新材,分红/增持/回购
301489,思泉新材,人事变动
301479,弘景光电,立案/处罚
301479,弘景光电,业绩预告
301395,仁信新材,业绩预告
301336,趣睡科技,分红/增持/回购
301322,绿通科技,并购重组
301322,绿通科技,分红/增持/回购
301281,科源制药,质押/解押
301281,科源制药,业绩预告
301220,亚香股份,破产重整
301169,零点有数,破产重整
301075,多瑞医药,质押/解押
301075,多瑞医药,出售/转让
301075,多瑞医药,人事变动
301075,多瑞医药,并购重组
301017,漱玉平民,质押/解押
300967,晓鸣股份,人事变动
300955,嘉亨家化,并购重组
300926,博俊科技,破产重整
300926,博俊科技,分红/增持/回购
300915,海融科技,并购重组
300862,蓝盾光电,分红/增持/回购
300862,蓝盾光电,破产重整
300862,蓝盾光电,并购重组
300862,蓝盾光电,出售/转让
300796,贝斯美,人事变动
300796,贝斯美,立案/处罚
300772,运达股份,出售/转让
300772,运达股份,分红/增持/回购
300718,长盛轴承,人事变动
300718,长盛轴承,分红/增持/回购
300718,长盛轴承,业绩预告
300718,长盛轴承,破产重整
300472,ST新元,破产重整
300472,ST新元,退市风险
300472,ST新元,人事变动
300472,ST新元,并购重组
300449,汉邦高科,质押/解押
300449,汉邦高科,并购重组
300081,ST恒信,退市风险
300081,ST恒信,重大诉讼
300081,ST恒信,立案/处罚
300081,ST恒信,质押/解押
300081,ST恒信,人事变动
300081,ST恒信,破产重整
300055,万邦达,分红/增持/回购
300055,万邦达,出售/转让
300055,万邦达,并购重组
300055,万邦达,质押/解押
001393,维通利,分红/增持/回购
001393,维通利,人事变动
001393,维通利,破产重整
001393,维通利,业绩预告
688619,罗普特,出售/转让
688619,罗普特,破产重整
688619,罗普特,重大诉讼
688553,汇宇制药,重大诉讼
688553,汇宇制药,质押/解押
688553,汇宇制药,业绩预告
688539,高华科技,业绩预告
688280,精进电动,业绩预告
688206,概伦电子,并购重组
688206,概伦电子,分红/增持/回购
688189,ST南新,分红/增持/回购
688189,ST南新,立案/处罚
688189,ST南新,人事变动
688189,ST南新,业绩预告
688189,ST南新,出售/转让
688135,利扬芯片,业绩预告
688135,利扬芯片,并购重组
605305,中际联合,业绩预告
605305,中际联合,分红/增持/回购
605118,力鼎光电,业绩预告
605118,力鼎光电,分红/增持/回购
605118,力鼎光电,破产重整
605066,天正电气,分红/增持/回购
605066,天正电气,业绩预告
603956,威派格,业绩预告
603956,威派格,质押/解押
603956,威派格,破产重整
603919,金徽酒,质押/解押
603919,金徽酒,分红/增持/回购
603919,金徽酒,业绩预告
603917,合力科技,业绩预告
603917,合力科技,立案/处罚
603860,中公高科,业绩预告
603722,阿科力,并购重组
603722,阿科力,立案/处罚
603722,阿科力,出售/转让
603722,阿科力,业绩预告
603722,阿科力,质押/解押
603616,韩建河山,并购重组
603616,韩建河山,出售/转让
603616,韩建河山,质押/解押
603616,韩建河山,业绩预告
603610,麒盛科技,业绩预告
603600,永艺股份,业绩预告
603600,永艺股份,分红/增持/回购
603578,三星新材,业绩预告
603578,三星新材,质押/解押
603500,祥和实业,业绩预告
603359,*ST东珠,重大诉讼
603359,*ST东珠,业绩预告
603359,*ST东珠,质押/解押
603310,巍华新材,破产重整
603310,巍华新材,分红/增持/回购
603310,巍华新材,业绩预告
603215,比依股份,人事变动
603215,比依股份,分红/增持/回购
603215,比依股份,业绩预告
603215,比依股份,破产重整
603200,上海洗霸,重大诉讼
603200,上海洗霸,业绩预告
603200,上海洗霸,质押/解押
603200,上海洗霸,人事变动
603178,圣龙股份,业绩预告
603071,物产环能,人事变动
603071,物产环能,业绩预告
601996,丰林集团,业绩预告
601996,丰林集团,分红/增持/回购
601908,京运通,业绩预告
601717,中创智领,分红/增持/回购
601717,中创智领,破产重整
601717,中创智领,业绩预告
601619,嘉泽新能,分红/增持/回购
601619,嘉泽新能,业绩预告
601086,国芳集团,出售/转让
601086,国芳集团,业绩预告
601086,国芳集团,质押/解押
601058,赛轮轮胎,质押/解押
601058,赛轮轮胎,业绩预告
601058,赛轮轮胎,分红/增持/回购
601016,节能风电,分红/增持/回购
601016,节能风电,业绩预告
600880,博瑞传播,业绩预告
600880,博瑞传播,人事变动
600879,航天电子,分红/增持/回购
600879,航天电子,业绩预告
600879,航天电子,人事变动
600864,哈投股份,人事变动
600864,哈投股份,分红/增持/回购
600864,哈投股份,业绩预告
600853,龙建股份,重大诉讼
600853,龙建股份,分红/增持/回购
600853,龙建股份,业绩预告
600853,龙建股份,人事变动
600803,新奥股份,并购重组
600803,新奥股份,分红/增持/回购
600803,新奥股份,破产重整
600803,新奥股份,业绩预告
600776,东方通信,出售/转让
600776,东方通信,业绩预告
600776,东方通信,分红/增持/回购
600703,三安光电,破产重整
600703,三安光电,分红/增持/回购
600703,三安光电,业绩预告
600703,三安光电,人事变动
600703,三安光电,质押/解押
600685,中船防务,分红/增持/回购
600685,中船防务,业绩预告
600685,中船防务,人事变动
600683,京投发展,并购重组
600683,京投发展,业绩预告
600683,京投发展,破产重整
600678,ST金顶,退市风险
600678,ST金顶,重大诉讼
600678,ST金顶,破产重整
600678,ST金顶,业绩预告
600606,绿地控股,重大诉讼
600606,绿地控股,业绩预告
600606,绿地控股,人事变动
600498,烽火通信,分红/增持/回购
600498,烽火通信,立案/处罚
600498,烽火通信,并购重组
600498,烽火通信,人事变动
600498,烽火通信,出售/转让
600498,烽火通信,业绩预告
600475,华光环能,业绩预告
600475,华光环能,出售/转让
600368,五洲交通,立案/处罚
600368,五洲交通,业绩预告
600368,五洲交通,分红/增持/回购
600367,红星发展,分红/增持/回购
600367,红星发展,业绩预告
600366,宁波韵升,人事变动
600366,宁波韵升,业绩预告
600366,宁波韵升,出售/转让
600366,宁波韵升,分红/增持/回购
600332,白云山,人事变动
600332,白云山,出售/转让
600332,白云山,分红/增持/回购
600332,白云山,业绩预告
600248,陕建股份,分红/增持/回购
600248,陕建股份,业绩预告
600248,陕建股份,重大诉讼
600248,陕建股份,破产重整
600080,ST金花,退市风险
600080,ST金花,业绩预告
600080,ST金花,立案/处罚
600080,ST金花,分红/增持/回购
600079,ST人福,业绩预告
600079,ST人福,分红/增持/回购
600079,ST人福,出售/转让
600072,中船科技,业绩预告
600072,中船科技,人事变动
301323,新莱福,并购重组
301323,新莱福,分红/增持/回购
301323,新莱福,人事变动
300621,维业股份,重大诉讼
300621,维业股份,人事变动
300341,麦克奥迪,人事变动
300266,兴源环境,出售/转让
300266,兴源环境,重大诉讼
300266,兴源环境,破产重整
300266,兴源环境,人事变动
300266,兴源环境,分红/增持/回购
300177,中海达,立案/处罚
002955,鸿合科技,业绩预告
002955,鸿合科技,人事变动
002882,金龙羽,质押/解押
002826,易明医药,业绩预告
002826,易明医药,分红/增持/回购
002712,思美传媒,人事变动
002712,思美传媒,业绩预告
002712,思美传媒,破产重整
002712,思美传媒,质押/解押
002674,兴业科技,质押/解押
002674,兴业科技,并购重组
002674,兴业科技,立案/处罚
002615,哈尔斯,破产重整
002615,哈尔斯,业绩预告
002615,哈尔斯,人事变动
002575,群兴玩具,质押/解押
002575,群兴玩具,业绩预告
002574,明牌珠宝,业绩预告
002574,明牌珠宝,出售/转让
002562,兄弟科技,业绩预告
002562,兄弟科技,人事变动
002562,兄弟科技,重大诉讼
002562,兄弟科技,破产重整
002458,益生股份,质押/解押
002458,益生股份,业绩预告
002458,益生股份,分红/增持/回购
002385,大北农,分红/增持/回购
002385,大北农,业绩预告
002385,大北农,质押/解押
002281,光迅科技,业绩预告
002281,光迅科技,分红/增持/回购
002281,光迅科技,破产重整
002198,ST嘉应,退市风险
002198,ST嘉应,业绩预告
002198,ST嘉应,人事变动
002152,广电运通,人事变动
002152,广电运通,分红/增持/回购
002152,广电运通,出售/转让
002151,北斗星通,人事变动
002151,北斗星通,业绩预告
002151,北斗星通,并购重组
002110,三钢闽光,分红/增持/回购
002110,三钢闽光,业绩预告
002110,三钢闽光,并购重组
002077,大港股份,人事变动
002077,大港股份,业绩预告
002077,大港股份,出售/转让
002077,大港股份,破产重整
002028,思源电气,破产重整
002028,思源电气,分红/增持/回购
002028,思源电气,业绩预告
000911,*ST广糖,破产重整
000911,*ST广糖,退市风险
000911,*ST广糖,业绩预告
000911,*ST广糖,重大诉讼
000911,*ST广糖,立案/处罚
000911,*ST广糖,人事变动
000911,*ST广糖,并购重组
000721,西安饮食,重大诉讼
000721,西安饮食,业绩预告
000721,西安饮食,破产重整
000700,模塑科技,质押/解押
000700,模塑科技,分红/增持/回购
000524,岭南控股,并购重组
000524,岭南控股,出售/转让
000524,岭南控股,业绩预告
000524,岭南控股,人事变动
000518,四环生物,破产重整
000518,四环生物,业绩预告
000518,四环生物,出售/转让
000518,四环生物,并购重组
000078,ST海王,破产重整
000078,ST海王,人事变动
000078,ST海王,退市风险
000078,ST海王,业绩预告
000078,ST海王,出售/转让
000078,ST海王,重大诉讼
000078,ST海王,质押/解押
920068,天工股份,分红/增持/回购
688729,屹唐股份,破产重整
688729,屹唐股份,业绩预告
688729,屹唐股份,人事变动
688686,奥普特,分红/增持/回购
688686,奥普特,业绩预告
688617,惠泰医疗,破产重整
688617,惠泰医疗,出售/转让
688617,惠泰医疗,人事变动
688560,明冠新材,业绩预告
688389,普门科技,分红/增持/回购
688389,普门科技,业绩预告
688389,普门科技,破产重整
688238,和元生物,业绩预告
688237,超卓航科,分红/增持/回购
688237,超卓航科,业绩预告
688192,迪哲医药,业绩预告
688192,迪哲医药,人事变动
688192,迪哲医药,破产重整
605167,利柏特,人事变动
605167,利柏特,分红/增持/回购
605167,利柏特,业绩预告
603948,建业股份,业绩预告
603948,建业股份,人事变动
603899,晨光股份,分红/增持/回购
603899,晨光股份,业绩预告
603898,好莱客,业绩预告
603898,好莱客,分红/增持/回购
603898,好莱客,人事变动
603833,欧派家居,业绩预告
603833,欧派家居,分红/增持/回购
603656,泰禾智能,出售/转让
603656,泰禾智能,分红/增持/回购
603656,泰禾智能,业绩预告
603656,泰禾智能,破产重整
603656,泰禾智能,质押/解押
603630,拉芳家化,质押/解押
603630,拉芳家化,业绩预告
603630,拉芳家化,分红/增持/回购
603528,多伦科技,业绩预告
603528,多伦科技,人事变动
603528,多伦科技,破产重整
603459,红板科技,破产重整
603459,红板科技,业绩预告
603459,红板科技,人事变动
603456,九洲药业,分红/增持/回购
603456,九洲药业,业绩预告
603344,星德胜,业绩预告
603330,天洋新材,出售/转让
603330,天洋新材,业绩预告
603330,天洋新材,质押/解押
603323,苏农银行,质押/解押
603323,苏农银行,分红/增持/回购
603323,苏农银行,业绩预告
603300,海南华铁,立案/处罚
603300,海南华铁,人事变动
603300,海南华铁,业绩预告
603300,海南华铁,重大诉讼
603282,亚光股份,业绩预告
603168,莎普爱思,业绩预告
603162,海通发展,业绩预告
603162,海通发展,立案/处罚
603117,万林物流,质押/解押
603117,万林物流,业绩预告
603117,万林物流,人事变动
603102,百合股份,分红/增持/回购
603102,百合股份,业绩预告
603066,音飞储存,业绩预告
603066,音飞储存,人事变动
603066,音飞储存,质押/解押
603045,福达合金,业绩预告
603045,福达合金,人事变动
601901,方正证券,分红/增持/回购
601901,方正证券,人事变动
601901,方正证券,业绩预告
601615,明阳智能,分红/增持/回购
601615,明阳智能,业绩预告
601615,明阳智能,并购重组
601555,东吴证券,并购重组
601555,东吴证券,分红/增持/回购
601555,东吴证券,业绩预告
601399,国机重装,立案/处罚
601399,国机重装,业绩预告
601298,青岛港,分红/增持/回购
601298,青岛港,业绩预告
601155,新城控股,质押/解押
601155,新城控股,业绩预告
600963,岳阳林纸,业绩预告
600905,三峡能源,人事变动
600905,三峡能源,分红/增持/回购
600905,三峡能源,业绩预告
600905,三峡能源,破产重整
600871,石化油服,业绩预告
600871,石化油服,破产重整
600871,石化油服,并购重组
600871,石化油服,人事变动
600839,四川长虹,业绩预告
600839,四川长虹,分红/增持/回购
600641,先导基电,并购重组
600641,先导基电,业绩预告
600641,先导基电,破产重整
600641,先导基电,出售/转让
600505,西昌电力,破产重整
600505,西昌电力,分红/增持/回购
600505,西昌电力,业绩预告
600499,科达制造,重大诉讼
600499,科达制造,业绩预告
600499,科达制造,并购重组
600499,科达制造,质押/解押
600418,江淮汽车,分红/增持/回购
600418,江淮汽车,业绩预告
600410,华胜天成,分红/增持/回购
600410,华胜天成,业绩预告
600410,华胜天成,出售/转让
600410,华胜天成,人事变动
600238,ST椰岛,破产重整
600238,ST椰岛,业绩预告
600238,ST椰岛,退市风险
600238,ST椰岛,人事变动
600238,ST椰岛,重大诉讼
600178,东安动力,人事变动
600178,东安动力,分红/增持/回购
600178,东安动力,业绩预告
600178,东安动力,并购重组
600133,东湖高新,业绩预告
600133,东湖高新,分红/增持/回购
600133,东湖高新,人事变动
600133,东湖高新,破产重整
600039,四川路桥,分红/增持/回购
600039,四川路桥,人事变动
600039,四川路桥,业绩预告
600035,楚天高速,业绩预告
600035,楚天高速,破产重整
600035,楚天高速,并购重组
301313,凡拓数创,立案/处罚
301291,明阳电气,质押/解押
301291,明阳电气,分红/增持/回购
301291,明阳电气,破产重整
301291,明阳电气,人事变动
301239,普瑞眼科,人事变动
301239,普瑞眼科,质押/解押
301239,普瑞眼科,分红/增持/回购
301158,德石股份,人事变动
301158,德石股份,破产重整
301152,天力锂能,质押/解押
301152,天力锂能,立案/处罚
301152,天力锂能,人事变动
301081,严牌股份,质押/解押
301039,中集车辆,分红/增持/回购
301039,中集车辆,立案/处罚
301039,中集车辆,破产重整
301039,中集车辆,人事变动
300939,秋田微,破产重整
300925,法本信息,分红/增持/回购
300863,卡倍亿,破产重整
300863,卡倍亿,人事变动
300807,天迈科技,并购重组
300807,天迈科技,出售/转让
300776,帝尔激光,出售/转让
300776,帝尔激光,业绩预告
300776,帝尔激光,分红/增持/回购
300681,英搏尔,业绩预告
300681,英搏尔,质押/解押
300665,飞鹿股份,出售/转让
300665,飞鹿股份,分红/增持/回购
300665,飞鹿股份,人事变动
300665,飞鹿股份,破产重整
300665,飞鹿股份,业绩预告
300665,飞鹿股份,立案/处罚
300570,太辰光,分红/增持/回购
300570,太辰光,人事变动
300570,太辰光,破产重整
300538,同益股份,质押/解押
300332,天壕能源,并购重组
300332,天壕能源,出售/转让
300331,苏大维格,业绩预告
300331,苏大维格,出售/转让
300302,同有科技,立案/处罚
300302,同有科技,分红/增持/回购
300302,同有科技,质押/解押
300302,同有科技,出售/转让
300286,安科瑞,分红/增持/回购
300213,佳讯飞鸿,出售/转让
300201,海伦哲,分红/增持/回购
300201,海伦哲,人事变动
300201,海伦哲,业绩预告
300201,海伦哲,质押/解押
300152,*ST动力,人事变动
300152,*ST动力,破产重整
300152,*ST动力,立案/处罚
300152,*ST动力,退市风险
300152,*ST动力,出售/转让
300152,*ST动力,重大诉讼
300096,ST易联众,退市风险
300096,ST易联众,立案/处罚
300096,ST易联众,人事变动
300068,ST南都,重大诉讼
300068,ST南都,退市风险
300068,ST南都,立案/处罚
300068,ST南都,破产重整
300009,安科生物,破产重整
003035,南网能源,破产重整
003035,南网能源,分红/增持/回购
003002,壶化股份,破产重整
002906,华阳集团,并购重组
002906,华阳集团,出售/转让
002906,华阳集团,破产重整
002634,*ST棒杰,重大诉讼
002634,*ST棒杰,破产重整
002634,*ST棒杰,业绩预告
002634,*ST棒杰,人事变动
002545,东方铁塔,业绩预告
002545,东方铁塔,分红/增持/回购
002545,东方铁塔,并购重组
002460,赣锋锂业,质押/解押
002460,赣锋锂业,分红/增持/回购
002460,赣锋锂业,重大诉讼
002460,赣锋锂业,业绩预告
002460,赣锋锂业,破产重整
002451,摩恩电气,人事变动
002451,摩恩电气,破产重整
002451,摩恩电气,重大诉讼
002353,杰瑞股份,人事变动
002353,杰瑞股份,分红/增持/回购
002261,拓维信息,分红/增持/回购
002225,濮耐股份,业绩预告
002225,濮耐股份,质押/解押
002120,韵达股份,分红/增持/回购
002120,韵达股份,业绩预告
002120,韵达股份,质押/解押
002088,鲁阳节能,分红/增持/回购
002088,鲁阳节能,业绩预告
002088,鲁阳节能,破产重整
002088,鲁阳节能,人事变动
002005,德豪润达,退市风险
002005,德豪润达,业绩预告
002005,德豪润达,出售/转让
002005,德豪润达,人事变动
001323,慕思股份,业绩预告
001323,慕思股份,质押/解押
001323,慕思股份,破产重整
001323,慕思股份,人事变动
001257,盛龙股份,分红/增持/回购
001257,盛龙股份,业绩预告
000990,诚志股份,人事变动
000990,诚志股份,破产重整
000990,诚志股份,业绩预告
000990,诚志股份,分红/增持/回购
000980,众泰汽车,人事变动
000980,众泰汽车,立案/处罚
000980,众泰汽车,业绩预告
000980,众泰汽车,重大诉讼
000980,众泰汽车,破产重整
000973,佛塑科技,业绩预告
000973,佛塑科技,并购重组
000973,佛塑科技,人事变动
000973,佛塑科技,破产重整
000973,佛塑科技,立案/处罚
000798,中水渔业,业绩预告
000798,中水渔业,人事变动
000712,锦龙股份,破产重整
000712,锦龙股份,业绩预告
000712,锦龙股份,并购重组
000605,渤海股份,分红/增持/回购
000605,渤海股份,业绩预告
000600,建投能源,破产重整
000546,金圆股份,质押/解押
000546,金圆股份,业绩预告
000546,金圆股份,人事变动
920639,晨光电缆,出售/转让
920639,晨光电缆,分红/增持/回购
920269,杰锋动力,破产重整
920269,杰锋动力,出售/转让
920258,聚仁新材,出售/转让
920258,聚仁新材,业绩预告
920258,聚仁新材,破产重整
920187,通领科技,分红/增持/回购
920090,*ST同辉,破产重整
874386,杰锋动力,破产重整
874386,杰锋动力,出售/转让
688799,华纳药厂,分红/增持/回购
688799,华纳药厂,业绩预告
688768,容知日新,人事变动
688768,容知日新,业绩预告
688755,汉邦科技,分红/增持/回购
688755,汉邦科技,业绩预告
688696,极米科技,业绩预告
688593,新相微,分红/增持/回购
688593,新相微,业绩预告
688485,九州一轨,人事变动
688485,九州一轨,并购重组
688485,九州一轨,分红/增持/回购
688485,九州一轨,业绩预告
688480,赛恩斯,业绩预告
688419,耐科装备,出售/转让
688419,耐科装备,业绩预告
688369,致远互联,分红/增持/回购
688339,亿华通,重大诉讼
688331,荣昌生物,分红/增持/回购
688331,荣昌生物,业绩预告
688327,云从科技,业绩预告
688327,云从科技,破产重整
688311,盟升电子,业绩预告
688271,联影医疗,分红/增持/回购
688271,联影医疗,业绩预告
688247,宣泰医药,分红/增持/回购
688247,宣泰医药,业绩预告
688198,佰仁医疗,分红/增持/回购
688198,佰仁医疗,业绩预告
688175,高凌信息,并购重组
688175,高凌信息,分红/增持/回购
688175,高凌信息,人事变动
688175,高凌信息,业绩预告
688175,高凌信息,出售/转让
688111,金山办公,分红/增持/回购
688111,金山办公,业绩预告
688100,威胜信息,分红/增持/回购
688100,威胜信息,业绩预告
688091,上海谊众,分红/增持/回购
688018,乐鑫科技,业绩预告
688018,乐鑫科技,分红/增持/回购
688013,天臣医疗,分红/增持/回购
688013,天臣医疗,破产重整
688010,福光股份,人事变动
605208,永茂泰,业绩预告
605208,永茂泰,分红/增持/回购
605138,盛泰集团,业绩预告
605138,盛泰集团,并购重组
605138,盛泰集团,分红/增持/回购
605108,同庆楼,分红/增持/回购
605108,同庆楼,业绩预告
605005,合兴股份,业绩预告
603993,洛阳钼业,业绩预告
603993,洛阳钼业,分红/增持/回购
603980,吉华集团,业绩预告
603980,吉华集团,出售/转让
603878,武进不锈,业绩预告
603825,ST华扬,重大诉讼
603825,ST华扬,出售/转让
603825,ST华扬,质押/解押
603825,ST华扬,业绩预告
603825,ST华扬,人事变动
603825,ST华扬,并购重组
603706,东方环宇,业绩预告
603567,珍宝岛,质押/解押
603567,珍宝岛,业绩预告
603556,海兴电力,分红/增持/回购
603556,海兴电力,业绩预告
603418,友升股份,人事变动
603418,友升股份,破产重整
603418,友升股份,业绩预告
603402,陕西旅游,业绩预告
603235,天新药业,分红/增持/回购
603235,天新药业,业绩预告
603235,天新药业,破产重整
603230,内蒙新华,业绩预告
603230,内蒙新华,人事变动
603171,税友股份,出售/转让
603171,税友股份,业绩预告
603026,石大胜华,业绩预告
601799,星宇股份,分红/增持/回购
601799,星宇股份,业绩预告
601728,中国电信,人事变动
601728,中国电信,分红/增持/回购
601077,渝农商行,业绩预告
601077,渝农商行,人事变动
600998,九州通,质押/解押
600998,九州通,破产重整
600998,九州通,业绩预告
600876,凯盛新能,重大诉讼
600876,凯盛新能,业绩预告
600876,凯盛新能,立案/处罚
600815,厦工股份,重大诉讼
600815,厦工股份,业绩预告
600800,渤海化学,破产重整
600800,渤海化学,业绩预告
600800,渤海化学,并购重组
600771,广誉远,重大诉讼
600771,广誉远,业绩预告
600755,厦门国贸,业绩预告
600750,华润江中,业绩预告
600750,华润江中,分红/增持/回购
600715,文投控股,破产重整
600715,文投控股,业绩预告
600698,湖南天雁,人事变动
600698,湖南天雁,业绩预告
600698,湖南天雁,并购重组
600654,中安科,破产重整
600598,北大荒,破产重整
600598,北大荒,业绩预告
600587,新华医疗,分红/增持/回购
600587,新华医疗,人事变动
600587,新华医疗,业绩预告
600562,国睿科技,分红/增持/回购
600562,国睿科技,人事变动
600562,国睿科技,业绩预告
600557,康缘药业,破产重整
600557,康缘药业,分红/增持/回购
600497,驰宏锌锗,业绩预告
600497,驰宏锌锗,并购重组
600388,紫金龙净,分红/增持/回购
600388,紫金龙净,业绩预告
600361,创新新材,业绩预告
600323,瀚蓝环境,破产重整
600323,瀚蓝环境,并购重组
600323,瀚蓝环境,分红/增持/回购
600323,瀚蓝环境,业绩预告
600232,金鹰股份,业绩预告
600232,金鹰股份,出售/转让
600219,南山铝业,质押/解押
600219,南山铝业,分红/增持/回购
600219,南山铝业,破产重整
600219,南山铝业,业绩预告
600219,南山铝业,人事变动
600179,安通控股,破产重整
600179,安通控股,人事变动
600179,安通控股,业绩预告
600114,东睦股份,出售/转让
600114,东睦股份,并购重组
600114,东睦股份,业绩预告
600114,东睦股份,分红/增持/回购
600078,澄星股份,重大诉讼
600078,澄星股份,业绩预告
301591,肯特股份,分红/增持/回购
301591,肯特股份,破产重整
301446,福事特,分红/增持/回购
301446,福事特,破产重整
301330,熵基科技,分红/增持/回购
301330,熵基科技,破产重整
301330,熵基科技,业绩预告
301300,远翔新材,分红/增持/回购
301300,远翔新材,出售/转让
301300,远翔新材,破产重整
301297,富乐德,业绩预告
301297,富乐德,分红/增持/回购
301297,富乐德,立案/处罚
301297,富乐德,人事变动
301297,富乐德,破产重整
301235,华康洁净,业绩预告
301235,华康洁净,分红/增持/回购
301221,光庭信息,业绩预告
301221,光庭信息,破产重整
301108,洁雅股份,人事变动
301108,洁雅股份,分红/增持/回购
301105,鸿铭股份,分红/增持/回购
301105,鸿铭股份,业绩预告
301038,深水规院,分红/增持/回购
301038,深水规院,人事变动
301011,华立科技,分红/增持/回购
300953,震裕科技,业绩预告
300953,震裕科技,质押/解押
300860,锋尚文化,出售/转让
300825,阿尔特,质押/解押
300825,阿尔特,人事变动
300774,倍杰特,分红/增持/回购
300774,倍杰特,并购重组
300774,倍杰特,人事变动
300766,每日互动,立案/处罚
300720,海川智能,分红/增持/回购
300720,海川智能,人事变动
300702,天宇股份,并购重组
300702,天宇股份,分红/增持/回购
300702,天宇股份,质押/解押
300687,赛意信息,业绩预告
300687,赛意信息,并购重组
300687,赛意信息,分红/增持/回购
300687,赛意信息,质押/解押
300684,中石科技,分红/增持/回购
300684,中石科技,出售/转让
300626,华瑞股份,业绩预告
300624,万兴科技,分红/增持/回购
300501,海顺新材,重大诉讼
300501,海顺新材,业绩预告
300481,濮阳惠成,分红/增持/回购
300417,南华仪器,破产重整
300414,中光防雷,分红/增持/回购
300414,中光防雷,破产重整
300396,ST迪瑞,退市风险
300346,南大光电,分红/增持/回购
300240,飞力达,分红/增持/回购
300232,洲明科技,分红/增持/回购
300232,洲明科技,业绩预告
300171,东富龙,分红/增持/回购
300136,信维通信,并购重组
300136,信维通信,澄清/辟谣
300136,信维通信,人事变动
300036,超图软件,分红/增持/回购
002992,宝明科技,业绩预告
002992,宝明科技,人事变动
002992,宝明科技,破产重整
002910,庄园牧场,业绩预告
002910,庄园牧场,质押/解押
002847,盐津铺子,人事变动
002847,盐津铺子,破产重整
002847,盐津铺子,业绩预告
002838,道恩股份,业绩预告
002838,道恩股份,质押/解押
002838,道恩股份,分红/增持/回购
002838,道恩股份,并购重组
002820,桂发祥,出售/转让
002820,桂发祥,分红/增持/回购
002820,桂发祥,业绩预告
002795,永和智控,业绩预告
002795,永和智控,重大诉讼
002795,永和智控,出售/转让
002787,华源控股,业绩预告
002787,华源控股,分红/增持/回购
002779,中坚科技,业绩预告
002779,中坚科技,立案/处罚
002734,利民股份,分红/增持/回购
002734,利民股份,并购重组
002675,东诚药业,分红/增持/回购
002675,东诚药业,质押/解押
002675,东诚药业,出售/转让
002645,华宏科技,破产重整
002645,华宏科技,业绩预告
002645,华宏科技,质押/解押
002638,勤上股份,重大诉讼
002638,勤上股份,业绩预告
002638,勤上股份,质押/解押
002638,勤上股份,分红/增持/回购
002559,亚威股份,人事变动
002559,亚威股份,破产重整
002532,天山铝业,人事变动
002532,天山铝业,质押/解押
002532,天山铝业,分红/增持/回购
002532,天山铝业,业绩预告
002532,天山铝业,破产重整
002511,中顺洁柔,分红/增持/回购
002511,中顺洁柔,业绩预告
002468,申通快递,分红/增持/回购
002468,申通快递,出售/转让
002468,申通快递,业绩预告
002468,申通快递,重大诉讼
002467,二六三,业绩预告
002467,二六三,重大诉讼
002429,兆驰股份,分红/增持/回购
002322,理工能科,分红/增持/回购
002292,奥飞娱乐,分红/增持/回购
002292,奥飞娱乐,业绩预告
002109,ST兴化,退市风险
002109,ST兴化,业绩预告
002109,ST兴化,分红/增持/回购
002082,ST万邦,退市风险
002082,ST万邦,分红/增持/回购
002082,ST万邦,业绩预告
002082,ST万邦,质押/解押
002019,亿帆医药,分红/增持/回购
001230,劲旅环境,分红/增持/回购
001230,劲旅环境,业绩预告
000950,重药控股,人事变动
000950,重药控股,分红/增持/回购
000950,重药控股,重大诉讼
000950,重药控股,业绩预告
000919,金陵药业,人事变动
000919,金陵药业,破产重整
000883,湖北能源,分红/增持/回购
000883,湖北能源,业绩预告
000876,新希望,业绩预告
000876,新希望,破产重整
000858,五粮液,人事变动
000858,五粮液,分红/增持/回购
000858,五粮液,业绩预告
000801,四川九洲,人事变动
000801,四川九洲,破产重整
000801,四川九洲,并购重组
000767,晋控电力,人事变动
000767,晋控电力,破产重整
000755,山西高速,人事变动
000739,普洛药业,分红/增持/回购
000713,国投丰乐,并购重组
000713,国投丰乐,出售/转让
000713,国投丰乐,业绩预告
000713,国投丰乐,人事变动
000713,国投丰乐,破产重整
000669,ST金鸿,破产重整
000669,ST金鸿,业绩预告
000669,ST金鸿,重大诉讼
000669,ST金鸿,人事变动
000555,神州信息,重大诉讼
000555,神州信息,质押/解押
000555,神州信息,业绩预告
000555,神州信息,出售/转让
000415,渤海租赁,业绩预告
000415,渤海租赁,分红/增持/回购
000415,渤海租赁,破产重整
000333,美的集团,分红/增持/回购
920892,广咨国际,人事变动
920289,华汇智能,破产重整
920289,华汇智能,出售/转让
920096,嘉晨智能,分红/增持/回购
874378,华汇智能,破产重整
874378,华汇智能,出售/转让
689009,九号公司,分红/增持/回购
689009,九号公司,业绩预告
688818,电科蓝天,分红/增持/回购
688818,电科蓝天,人事变动
688818,电科蓝天,破产重整
688818,电科蓝天,业绩预告
688777,中控技术,分红/增持/回购
688777,中控技术,破产重整
688758,赛分科技,分红/增持/回购
688758,赛分科技,业绩预告
688702,盛科通信,人事变动
688702,盛科通信,业绩预告
688702,盛科通信,立案/处罚
688687,凯因科技,分红/增持/回购
688687,凯因科技,破产重整
688620,安凯微,分红/增持/回购
688620,安凯微,业绩预告
688620,安凯微,人事变动
688620,安凯微,破产重整
688557,兰剑智能,分红/增持/回购
688557,兰剑智能,破产重整
688557,兰剑智能,业绩预告
688472,阿特斯,分红/增持/回购
688429,时创能源,分红/增持/回购
688429,时创能源,业绩预告
688429,时创能源,破产重整
688426,康为世纪,人事变动
688426,康为世纪,业绩预告
688395,正弦电气,分红/增持/回购
688395,正弦电气,业绩预告
688359,三孚新科,分红/增持/回购
688359,三孚新科,人事变动
688359,三孚新科,破产重整
688359,三孚新科,业绩预告
688357,建龙微纳,破产重整
688357,建龙微纳,分红/增持/回购
688317,之江生物,分红/增持/回购
688312,燕麦科技,分红/增持/回购
688251,井松智能,分红/增持/回购
688251,井松智能,业绩预告
688246,嘉和美康,业绩预告
688209,英集芯,分红/增持/回购
688209,英集芯,人事变动
688209,英集芯,业绩预告
688177,百奥泰,业绩预告
688177,百奥泰,人事变动
688169,石头科技,分红/增持/回购
688165,埃夫特,并购重组
688165,埃夫特,业绩预告
688139,海尔生物,分红/增持/回购
688139,海尔生物,业绩预告
688114,华大智造,分红/增持/回购
688096,京源环保,分红/增持/回购
688096,京源环保,重大诉讼
688096,京源环保,人事变动
688088,虹软科技,分红/增持/回购
688008,澜起科技,分红/增持/回购
688008,澜起科技,立案/处罚
688008,澜起科技,业绩预告
605369,拱东医疗,人事变动
605369,拱东医疗,业绩预告
605166,聚合顺,分红/增持/回购
605166,聚合顺,立案/处罚
605166,聚合顺,业绩预告
603986,兆易创新,业绩预告
603986,兆易创新,人事变动
603986,兆易创新,分红/增持/回购
603978,深圳新星,业绩预告
603978,深圳新星,质押/解押
603978,深圳新星,人事变动
603978,深圳新星,出售/转让
603955,大千生态,出售/转让
603955,大千生态,业绩预告
603955,大千生态,并购重组
603683,晶华新材,分红/增持/回购
603683,晶华新材,业绩预告
603666,亿嘉和,业绩预告
603666,亿嘉和,人事变动
603583,捷昌驱动,分红/增持/回购
603583,捷昌驱动,业绩预告
603568,伟明环保,分红/增持/回购
603568,伟明环保,业绩预告
603551,奥普科技,分红/增持/回购
603551,奥普科技,业绩预告
603536,惠发食品,业绩预告
603536,惠发食品,并购重组
603385,惠达卫浴,业绩预告
603385,惠达卫浴,出售/转让
603325,博隆技术,分红/增持/回购
603325,博隆技术,业绩预告
603195,公牛集团,分红/增持/回购
603195,公牛集团,业绩预告
603189,*ST网达,业绩预告
603189,*ST网达,分红/增持/回购
603175,超颖电子,分红/增持/回购
603175,超颖电子,破产重整
603175,超颖电子,业绩预告
603165,荣晟环保,业绩预告
603165,荣晟环保,分红/增持/回购
603160,汇顶科技,分红/增持/回购
603160,汇顶科技,业绩预告
603130,云中马,分红/增持/回购
603130,云中马,业绩预告
603122,合富中国,业绩预告
603120,肯特催化,分红/增持/回购
603120,肯特催化,业绩预告
603118,共进股份,人事变动
603118,共进股份,破产重整
603118,共进股份,分红/增持/回购
603118,共进股份,质押/解押
603118,共进股份,出售/转让
603118,共进股份,业绩预告
603083,剑桥科技,业绩预告
603083,剑桥科技,分红/增持/回购
603032,德新科技,业绩预告
603032,德新科技,破产重整
603017,中衡设计,分红/增持/回购
603017,中衡设计,人事变动
603009,北特科技,业绩预告
603009,北特科技,质押/解押
601900,南方传媒,分红/增持/回购
601900,南方传媒,业绩预告
601616,广电电气,业绩预告
601616,广电电气,分红/增持/回购
601609,金田股份,分红/增持/回购
601609,金田股份,业绩预告
601333,广深铁路,分红/增持/回购
601333,广深铁路,业绩预告
601099,太平洋,重大诉讼
601099,太平洋,业绩预告
601089,福元医药,业绩预告
601089,福元医药,质押/解押
601009,南京银行,业绩预告
601009,南京银行,破产重整
601003,柳钢股份,并购重组
601003,柳钢股份,业绩预告
601003,柳钢股份,人事变动
601003,柳钢股份,破产重整
600835,上海机电,分红/增持/回购
600835,上海机电,破产重整
600835,上海机电,业绩预告
600796,钱江生化,分红/增持/回购
600796,钱江生化,并购重组
600796,钱江生化,业绩预告
600774,汉商集团,业绩预告
600774,汉商集团,分红/增持/回购
600720,中交设计,分红/增持/回购
600720,中交设计,业绩预告
600668,尖峰集团,分红/增持/回购
600668,尖峰集团,业绩预告
600624,ST复华,破产重整
600624,ST复华,业绩预告
600624,ST复华,重大诉讼
600600,青岛啤酒,分红/增持/回购
600600,青岛啤酒,业绩预告
600600,青岛啤酒,人事变动
600522,中天科技,分红/增持/回购
600522,中天科技,业绩预告
600500,中化国际,并购重组
600500,中化国际,业绩预告
600482,中国动力,人事变动
600482,中国动力,分红/增持/回购
600482,中国动力,破产重整
600482,中国动力,业绩预告
600406,国电南瑞,分红/增持/回购
600406,国电南瑞,人事变动
600406,国电南瑞,业绩预告
600328,中盐化工,业绩预告
600328,中盐化工,分红/增持/回购
600328,中盐化工,人事变动
600227,赤天化,业绩预告
600227,赤天化,出售/转让
600201,生物股份,分红/增持/回购
600201,生物股份,业绩预告
600186,莲花控股,业绩预告
600186,莲花控股,分红/增持/回购
600062,华润双鹤,并购重组
600062,华润双鹤,分红/增持/回购
600062,华润双鹤,出售/转让
600062,华润双鹤,业绩预告
600028,中国石化,分红/增持/回购
600028,中国石化,业绩预告
301662,宏工科技,分红/增持/回购
301538,骏鼎达,分红/增持/回购
301538,骏鼎达,业绩预告
301507,民生健康,分红/增持/回购
301337,亚华电子,分红/增持/回购
301283,聚胶股份,破产重整
301283,聚胶股份,分红/增持/回购
301252,同星科技,分红/增持/回购
301252,同星科技,立案/处罚
301167,建研设计,破产重整
301167,建研设计,人事变动
301161,唯万密封,分红/增持/回购
301151,冠龙节能,分红/增持/回购
301151,冠龙节能,人事变动
301119,正强股份,人事变动
301115,联检科技,破产重整
301115,联检科技,分红/增持/回购
301115,联检科技,并购重组
301097,天益医疗,分红/增持/回购
301097,天益医疗,人事变动
301097,天益医疗,质押/解押
301046,能辉科技,破产重整
301046,能辉科技,出售/转让
301015,百洋医药,质押/解押
301015,百洋医药,重大诉讼
300971,博亚精工,分红/增持/回购
300971,博亚精工,并购重组
300958,建工修复,重大诉讼
300952,恒辉安防,分红/增持/回购
300952,恒辉安防,业绩预告
300898,熊猫乳品,分红/增持/回购
300898,熊猫乳品,人事变动
300898,熊猫乳品,破产重整
300843,胜蓝股份,分红/增持/回购
300834,星辉环材,分红/增持/回购
300829,金丹科技,质押/解押
300829,金丹科技,出售/转让
300818,耐普矿机,破产重整
300818,耐普矿机,业绩预告
300818,耐普矿机,分红/增持/回购
300818,耐普矿机,质押/解押
300811,铂科新材,分红/增持/回购
300798,锦鸡股份,破产重整
300769,德方纳米,质押/解押
300709,精研科技,人事变动
300709,精研科技,重大诉讼
300689,澄天伟业,分红/增持/回购
300631,久吾高科,分红/增持/回购
300516,久之洋,业绩预告
300516,久之洋,人事变动
300503,昊志机电,破产重整
300503,昊志机电,质押/解押
300503,昊志机电,分红/增持/回购
300378,鼎捷数智,出售/转让
300371,汇中股份,分红/增持/回购
300351,永贵电器,并购重组
300351,永贵电器,分红/增持/回购
300351,永贵电器,人事变动
300339,润和软件,分红/增持/回购
300339,润和软件,质押/解押
300285,国瓷材料,质押/解押
300285,国瓷材料,分红/增持/回购
300285,国瓷材料,并购重组
300285,国瓷材料,人事变动
300259,新天科技,质押/解押
300259,新天科技,出售/转让
300259,新天科技,业绩预告
300252,金信诺,质押/解押
300250,初灵信息,分红/增持/回购
300196,长海股份,分红/增持/回购
300111,向日葵,质押/解押
300101,振芯科技,人事变动
300101,振芯科技,重大诉讼
300101,振芯科技,分红/增持/回购
300078,思创智联,重大诉讼
300054,鼎龙股份,业绩预告
300054,鼎龙股份,人事变动
300054,鼎龙股份,分红/增持/回购
300054,鼎龙股份,破产重整
300054,鼎龙股份,质押/解押
002960,青鸟智控,质押/解押
002960,青鸟智控,分红/增持/回购
002947,恒铭达,破产重整
002947,恒铭达,分红/增持/回购
002947,恒铭达,质押/解押
002943,宇晶股份,分红/增持/回购
002943,宇晶股份,业绩预告
002943,宇晶股份,立案/处罚
002943,宇晶股份,重大诉讼
002931,锋龙股份,分红/增持/回购
002931,锋龙股份,业绩预告
002931,锋龙股份,出售/转让
002931,锋龙股份,并购重组
002929,润建股份,分红/增持/回购
002929,润建股份,质押/解押
002921,联诚精密,业绩预告
002921,联诚精密,出售/转让
002918,蒙娜丽莎,分红/增持/回购
002918,蒙娜丽莎,业绩预告
002901,大博医疗,分红/增持/回购
002901,大博医疗,人事变动
002891,中宠股份,质押/解押
002891,中宠股份,分红/增持/回购
002888,惠威科技,分红/增持/回购
002886,沃特股份,分红/增持/回购
002879,长缆科技,分红/增持/回购
002879,长缆科技,业绩预告
002879,长缆科技,质押/解押
002858,力盛体育,分红/增持/回购
002850,科达利,分红/增持/回购
002841,视源股份,业绩预告
002841,视源股份,分红/增持/回购
002833,弘亚数控,分红/增持/回购
002827,高争民爆,分红/增持/回购
002827,高争民爆,业绩预告
002827,高争民爆,并购重组
002801,微光股份,分红/增持/回购
002635,安洁科技,出售/转让
002635,安洁科技,并购重组
002635,安洁科技,业绩预告
002635,安洁科技,人事变动
002626,金达威,质押/解押
002626,金达威,分红/增持/回购
002441,众业达,分红/增持/回购
002432,九安医疗,出售/转让
002432,九安医疗,业绩预告
002422,科伦药业,分红/增持/回购
002422,科伦药业,人事变动
002422,科伦药业,质押/解押
002402,和而泰,质押/解押
002402,和而泰,人事变动
002384,东山精密,业绩预告
002384,东山精密,分红/增持/回购
002378,章源钨业,业绩预告
002378,章源钨业,质押/解押
002340,格林美,分红/增持/回购
002340,格林美,质押/解押
002340,格林美,出售/转让
002283,天润工业,破产重整
002283,天润工业,分红/增持/回购
002274,华昌化工,业绩预告
002274,华昌化工,并购重组
002274,华昌化工,出售/转让
002249,大洋电机,破产重整
002249,大洋电机,重大诉讼
002249,大洋电机,分红/增持/回购
002224,三力士,分红/增持/回购
002224,三力士,业绩预告
002206,海利得,分红/增持/回购
002202,金风科技,分红/增持/回购
002202,金风科技,质押/解押
002192,融捷股份,分红/增持/回购
002192,融捷股份,业绩预告
002188,中天服务,分红/增持/回购
002135,东南网架,人事变动
002135,东南网架,破产重整
002135,东南网架,分红/增持/回购
002119,康强电子,分红/增持/回购
002073,软控股份,分红/增持/回购
002050,三花智控,分红/增持/回购
002042,华孚时尚,业绩预告
002042,华孚时尚,质押/解押
002042,华孚时尚,出售/转让
002001,新和成,分红/增持/回购
001400,江顺科技,出售/转让
001400,江顺科技,质押/解押
001400,江顺科技,分红/增持/回购
001390,古麒绒材,分红/增持/回购
001390,古麒绒材,破产重整
001256,炜冈科技,分红/增持/回购
001256,炜冈科技,业绩预告
001256,炜冈科技,人事变动
000878,云南铜业,人事变动
000878,云南铜业,分红/增持/回购
000862,银星能源,并购重组
000862,银星能源,破产重整
000783,长江证券,业绩预告
000783,长江证券,分红/增持/回购
000683,博源化工,分红/增持/回购
000683,博源化工,质押/解押
000678,襄阳轴承,业绩预告
000678,襄阳轴承,并购重组
000655,金岭矿业,人事变动
000655,金岭矿业,破产重整
000655,金岭矿业,分红/增持/回购
000655,金岭矿业,业绩预告
000531,穗恒运A,出售/转让
000531,穗恒运A,分红/增持/回购
000403,派林生物,分红/增持/回购
000403,派林生物,业绩预告
000403,派林生物,质押/解押
000166,申万宏源,分红/增持/回购
000166,申万宏源,人事变动
000166,申万宏源,业绩预告
000050,深天马A,业绩预告
920976,视声智能,破产重整
920374,云里物里,破产重整
920374,云里物里,分红/增持/回购
920161,龙辰科技,破产重整
920071,金钛股份,出售/转让
920028,新恒泰,分红/增持/回购
874391,金钛股份,出售/转让
688809,强一股份,分红/增持/回购
688809,强一股份,业绩预告
688808,联讯仪器,业绩预告
688808,联讯仪器,人事变动
688808,联讯仪器,分红/增持/回购
688789,宏华数科,分红/增持/回购
688789,宏华数科,质押/解押
688789,宏华数科,业绩预告
688708,佳驰科技,人事变动
688708,佳驰科技,业绩预告
688661,和林微纳,破产重整
688661,和林微纳,业绩预告
688659,元琛科技,重大诉讼
688659,元琛科技,分红/增持/回购
688659,元琛科技,业绩预告
688653,康希通信,破产重整
688653,康希通信,并购重组
688653,康希通信,业绩预告
688612,威迈斯,分红/增持/回购
688612,威迈斯,业绩预告
688612,威迈斯,人事变动
688567,孚能科技,人事变动
688563,航材股份,分红/增持/回购
688563,航材股份,业绩预告
688526,科前生物,业绩预告
688420,美腾科技,重大诉讼
688383,新益昌,业绩预告
688362,甬矽电子,分红/增持/回购
688352,颀中科技,破产重整
688352,颀中科技,分红/增持/回购
688352,颀中科技,人事变动
688352,颀中科技,业绩预告
688326,经纬恒润,分红/增持/回购
688326,经纬恒润,业绩预告
688319,欧林生物,澄清/辟谣
688319,欧林生物,质押/解押
688319,欧林生物,业绩预告
688319,欧林生物,破产重整
688282,理工导航,出售/转让
688282,理工导航,重大诉讼
688282,理工导航,业绩预告
688207,格灵深瞳,分红/增持/回购
688120,华海清科,分红/增持/回购
688080,映翰通,分红/增持/回购
688080,映翰通,业绩预告
605399,晨光新材,业绩预告
605399,晨光新材,人事变动
605399,晨光新材,破产重整
605365,立达信,业绩预告
605186,健麾信息,业绩预告
605136,丽人丽妆,立案/处罚
605136,丽人丽妆,业绩预告
605136,丽人丽妆,质押/解押
605136,丽人丽妆,分红/增持/回购
605098,行动教育,分红/增持/回购
605080,浙江自然,分红/增持/回购
605080,浙江自然,业绩预告
603985,恒润股份,业绩预告
603983,丸美生物,分红/增持/回购
603983,丸美生物,业绩预告
603799,华友钴业,质押/解押
603799,华友钴业,分红/增持/回购
603799,华友钴业,业绩预告
603407,长裕集团,业绩预告
603382,海阳科技,破产重整
603382,海阳科技,业绩预告
603379,三美股份,业绩预告
603379,三美股份,分红/增持/回购
603306,华懋科技,并购重组
603306,华懋科技,业绩预告
603306,华懋科技,分红/增持/回购
603262,技源集团,分红/增持/回购
603106,恒银科技,业绩预告
603106,恒银科技,破产重整
603091,众鑫股份,分红/增持/回购
603091,众鑫股份,破产重整
603091,众鑫股份,业绩预告
603091,众鑫股份,人事变动
603063,禾望电气,业绩预告
603063,禾望电气,破产重整
601686,友发集团,并购重组
601665,齐鲁银行,分红/增持/回购
601665,齐鲁银行,破产重整
601665,齐鲁银行,人事变动
601665,齐鲁银行,业绩预告
601618,中国中冶,人事变动
601618,中国中冶,业绩预告
601228,广州港,分红/增持/回购
601228,广州港,业绩预告
601187,厦门银行,业绩预告
600702,舍得酒业,业绩预告
600509,天富能源,并购重组
600509,天富能源,业绩预告
600509,天富能源,分红/增持/回购
600423,*ST柳化,业绩预告
600423,*ST柳化,人事变动
600416,湘电股份,重大诉讼
600416,湘电股份,人事变动
600416,湘电股份,业绩预告
600339,中油工程,破产重整
600339,中油工程,人事变动
600339,中油工程,业绩预告
600339,中油工程,分红/增持/回购
600335,国机汽车,破产重整
600335,国机汽车,分红/增持/回购
600335,国机汽车,立案/处罚
600289,ST信通,质押/解押
600289,ST信通,退市风险
600289,ST信通,重大诉讼
600289,ST信通,业绩预告
600280,中央商场,业绩预告
600280,中央商场,重大诉讼
600268,国电南自,人事变动
600268,国电南自,业绩预告
600262,北方股份,破产重整
600262,北方股份,分红/增持/回购
600262,北方股份,人事变动
600262,北方股份,业绩预告
600217,中再资环,质押/解押
600217,中再资环,业绩预告
600217,中再资环,破产重整
600217,中再资环,人事变动
600189,泉阳泉,重大诉讼
600189,泉阳泉,业绩预告
600189,泉阳泉,破产重整
600189,泉阳泉,人事变动
600189,泉阳泉,分红/增持/回购
600189,泉阳泉,质押/解押
600187,*ST国中,退市风险
600187,*ST国中,破产重整
600187,*ST国中,分红/增持/回购
600187,*ST国中,业绩预告
600187,*ST国中,重大诉讼
600187,*ST国中,质押/解押
600156,华升股份,并购重组
600156,华升股份,业绩预告
600100,同方股份,出售/转让
600100,同方股份,业绩预告
600100,同方股份,人事变动
600100,同方股份,破产重整
301665,泰禾股份,分红/增持/回购
301665,泰禾股份,破产重整
301526,国际复材,分红/增持/回购
301526,国际复材,业绩预告
301526,国际复材,人事变动
301526,国际复材,立案/处罚
301367,瑞迈特,分红/增持/回购
301360,荣旗科技,分红/增持/回购
301359,东南电子,分红/增持/回购
301356,天振股份,人事变动
301356,天振股份,破产重整
301320,豪江智能,分红/增持/回购
301320,豪江智能,人事变动
301320,豪江智能,破产重整
301318,维海德,分红/增持/回购
301305,朗坤科技,分红/增持/回购
301275,汉朔科技,分红/增持/回购
301267,华厦眼科,分红/增持/回购
301188,力诺药包,质押/解押
301188,力诺药包,破产重整
301166,优宁维,分红/增持/回购
301166,优宁维,人事变动
301120,新特电气,人事变动
301120,新特电气,破产重整
301120,新特电气,分红/增持/回购
301110,青木科技,分红/增持/回购
301110,青木科技,业绩预告
301080,百普赛斯,分红/增持/回购
301080,百普赛斯,人事变动
301080,百普赛斯,破产重整
301078,孩子王,分红/增持/回购
301078,孩子王,业绩预告
301078,孩子王,破产重整
301066,万事利,分红/增持/回购
301042,安联锐视,分红/增持/回购
301042,安联锐视,破产重整
301031,中熔电气,人事变动
301031,中熔电气,业绩预告
301031,中熔电气,分红/增持/回购
301031,中熔电气,立案/处罚
300929,华骐环保,人事变动
300929,华骐环保,分红/增持/回购
300929,华骐环保,重大诉讼
300929,华骐环保,破产重整
300907,康平科技,分红/增持/回购
300891,惠云钛业,业绩预告
300891,惠云钛业,分红/增持/回购
300888,稳健医疗,分红/增持/回购
300888,稳健医疗,业绩预告
300802,矩子科技,质押/解押
300802,矩子科技,分红/增持/回购
300787,海能实业,分红/增持/回购
300787,海能实业,质押/解押
300787,海能实业,业绩预告
300787,海能实业,破产重整
300783,三只松鼠,分红/增持/回购
300747,锐科激光,人事变动
300747,锐科激光,业绩预告
300747,锐科激光,破产重整
300707,威唐工业,分红/增持/回购
300695,兆丰股份,人事变动
300692,中赋科技,并购重组
300692,中赋科技,出售/转让
300692,中赋科技,分红/增持/回购
300679,电连技术,分红/增持/回购
300679,电连技术,重大诉讼
300650,太龙股份,质押/解押
300650,太龙股份,分红/增持/回购
300639,凯普生物,分红/增持/回购
300606,金太阳,人事变动
300532,今天国际,并购重组
300532,今天国际,质押/解押
300532,今天国际,分红/增持/回购
300532,今天国际,人事变动
300511,雪榕生物,质押/解押
300511,雪榕生物,破产重整
300511,雪榕生物,人事变动
300498,温氏股份,出售/转让
300498,温氏股份,分红/增持/回购
300491,通合科技,分红/增持/回购
300486,东杰智能,分红/增持/回购
300486,东杰智能,重大诉讼
300486,东杰智能,出售/转让
300486,东杰智能,人事变动
300486,东杰智能,质押/解押
300463,迈克生物,分红/增持/回购
300444,双杰电气,质押/解押
300364,中文在线,质押/解押
300364,中文在线,重大诉讼
300296,利亚德,分红/增持/回购
300253,卫宁健康,分红/增持/回购
300245,ST天玑,退市风险
300245,ST天玑,分红/增持/回购
300245,ST天玑,人事变动
300162,雷曼光电,出售/转让
300138,晨光生物,分红/增持/回购
300138,晨光生物,人事变动
300138,晨光生物,破产重整
300138,晨光生物,业绩预告
300138,晨光生物,立案/处罚
300124,汇川技术,分红/增持/回购
300124,汇川技术,业绩预告
300103,达刚控股,重大诉讼
300103,达刚控股,分红/增持/回购
300103,达刚控股,人事变动
300103,达刚控股,破产重整
300100,双林股份,业绩预告
300100,双林股份,分红/增持/回购
300071,福石控股,重大诉讼
300071,福石控股,质押/解押
002945,华林证券,质押/解押
002945,华林证券,分红/增持/回购
002757,南兴股份,人事变动
002757,南兴股份,分红/增持/回购
002670,国盛证券,立案/处罚
002670,国盛证券,业绩预告
002670,国盛证券,破产重整
002641,公元股份,分红/增持/回购
002641,公元股份,业绩预告
002641,公元股份,人事变动
002641,公元股份,破产重整
002548,金新农,业绩预告
002548,金新农,重大诉讼
002548,金新农,人事变动
002465,海格通信,业绩预告
002465,海格通信,出售/转让
002465,海格通信,并购重组
002376,新北洋,业绩预告
002315,焦点科技,分红/增持/回购
002230,科大讯飞,分红/增持/回购
002230,科大讯飞,业绩预告
002163,海南发展,重大诉讼
002163,海南发展,破产重整
002163,海南发展,业绩预告
002133,广宇集团,分红/增持/回购
002133,广宇集团,业绩预告
002093,国脉科技,业绩预告
002093,国脉科技,质押/解押
002066,瑞泰科技,业绩预告
002027,分众传媒,并购重组
002027,分众传媒,分红/增持/回购
002023,海特高新,分红/增持/回购
002023,海特高新,重大诉讼
001233,海安集团,分红/增持/回购
001233,海安集团,人事变动
001202,炬申股份,破产重整
001202,炬申股份,分红/增持/回购
000948,南天信息,重大诉讼
000948,南天信息,分红/增持/回购
000948,南天信息,业绩预告
000948,南天信息,人事变动
000948,南天信息,质押/解押
000948,南天信息,破产重整
000731,四川美丰,业绩预告
000731,四川美丰,分红/增持/回购
000725,京东方A,分红/增持/回购
000725,京东方A,业绩预告
000725,京东方A,人事变动
000701,厦门信达,重大诉讼
000701,厦门信达,业绩预告
000701,厦门信达,出售/转让
000672,上峰材料,业绩预告
000672,上峰材料,分红/增持/回购
000659,珠海中富,人事变动
000659,珠海中富,业绩预告
000659,珠海中富,重大诉讼
000659,珠海中富,破产重整
000659,珠海中富,并购重组
000635,英力特,立案/处罚
000635,英力特,业绩预告
000635,英力特,人事变动
000635,英力特,出售/转让
000635,英力特,并购重组
000610,*ST西旅,业绩预告
000610,*ST西旅,破产重整
000425,徐工机械,分红/增持/回购
000425,徐工机械,破产重整
000425,徐工机械,业绩预告
000068,华控赛格,破产重整
000068,华控赛格,业绩预告
000068,华控赛格,人事变动
920914,远航精密,分红/增持/回购
920914,远航精密,破产重整
920914,远航精密,质押/解押
920193,吉和昌,破产重整
920193,吉和昌,出售/转让
920107,恒兴股份,出售/转让
920107,恒兴股份,业绩预告
920060,万源通,分红/增持/回购
920020,泰凯英,分红/增持/回购
688802,沐曦股份,澄清/辟谣
688802,沐曦股份,业绩预告
688588,凌志软件,分红/增持/回购
688588,凌志软件,业绩预告
688548,广钢气体,业绩预告
688548,广钢气体,破产重整
688548,广钢气体,人事变动
688548,广钢气体,出售/转让
688548,广钢气体,分红/增持/回购
688503,聚和材料,质押/解押
688503,聚和材料,业绩预告
688409,富创精密,出售/转让
688409,富创精密,业绩预告
688409,富创精密,分红/增持/回购
688408,中信博,业绩预告
688293,奥浦迈,并购重组
688293,奥浦迈,分红/增持/回购
688293,奥浦迈,业绩预告
688178,万德斯,重大诉讼
688178,万德斯,业绩预告
688170,德龙激光,业绩预告
688098,申联生物,人事变动
605366,宏柏新材,人事变动
605366,宏柏新材,业绩预告
605366,宏柏新材,破产重整
605268,王力安防,分红/增持/回购
605268,王力安防,重大诉讼
605268,王力安防,业绩预告
605258,协和电子,业绩预告
605016,百龙创园,质押/解押
605016,百龙创园,分红/增持/回购
605016,百龙创园,业绩预告
603609,禾丰股份,业绩预告
603609,禾丰股份,分红/增持/回购
603557,*ST起步,业绩预告
603557,*ST起步,重大诉讼
603557,*ST起步,出售/转让
603557,*ST起步,人事变动
603188,亚邦股份,出售/转让
603188,亚邦股份,业绩预告
603186,华正新材,业绩预告
603186,华正新材,破产重整
603185,弘元绿能,业绩预告
603067,振华股份,业绩预告
603067,振华股份,分红/增持/回购
603048,浙江黎明,人事变动
603048,浙江黎明,出售/转让
603048,浙江黎明,业绩预告
603048,浙江黎明,破产重整
601872,招商轮船,分红/增持/回购
601872,招商轮船,业绩预告
601872,招商轮船,出售/转让
601816,京沪高铁,分红/增持/回购
601816,京沪高铁,破产重整
601636,旗滨集团,人事变动
601636,旗滨集团,立案/处罚
601636,旗滨集团,业绩预告
601636,旗滨集团,破产重整
601567,三星电气,业绩预告
601567,三星电气,人事变动
601117,中国化学,分红/增持/回购
601117,中国化学,业绩预告
600996,贵广网络,破产重整
600996,贵广网络,重大诉讼
600996,贵广网络,业绩预告
600996,贵广网络,质押/解押
600996,贵广网络,人事变动
600900,长江电力,分红/增持/回购
600900,长江电力,人事变动
600900,长江电力,业绩预告
600883,博闻科技,业绩预告
600809,山西汾酒,分红/增持/回购
600809,山西汾酒,破产重整
600809,山西汾酒,人事变动
600809,山西汾酒,业绩预告
600694,大商股份,业绩预告
600657,信达地产,业绩预告
600597,光明乳业,人事变动
600597,光明乳业,破产重整
600597,光明乳业,并购重组
600525,长园集团,退市风险
600525,长园集团,立案/处罚
600525,长园集团,破产重整
600525,长园集团,人事变动
600525,长园集团,业绩预告
600525,长园集团,重大诉讼
600387,退市海越,立案/处罚
600348,华阳股份,分红/增持/回购
600348,华阳股份,业绩预告
600348,华阳股份,破产重整
600173,卧龙新能,业绩预告
600173,卧龙新能,破产重整
600085,同仁堂,分红/增持/回购
600085,同仁堂,业绩预告
600008,首创环保,破产重整
600008,首创环保,业绩预告
600007,中国国贸,人事变动
600007,中国国贸,业绩预告
600007,中国国贸,破产重整
301256,华融化学,分红/增持/回购
301256,华融化学,破产重整
301256,华融化学,人事变动
301191,菲菱科思,分红/增持/回购
301191,菲菱科思,破产重整
300895,铜牛信息,破产重整
300895,铜牛信息,重大诉讼
300895,铜牛信息,质押/解押
300875,捷强装备,破产重整
300875,捷强装备,人事变动
300866,安克创新,出售/转让
300866,安克创新,业绩预告
300866,安克创新,分红/增持/回购
300832,新产业,分红/增持/回购
300832,新产业,质押/解押
300784,利安科技,人事变动
300784,利安科技,破产重整
300784,利安科技,分红/增持/回购
300760,迈瑞医疗,质押/解押
300760,迈瑞医疗,分红/增持/回购
300716,*ST泉为,重大诉讼
300716,*ST泉为,人事变动
300716,*ST泉为,退市风险
300716,*ST泉为,破产重整
300716,*ST泉为,立案/处罚
300716,*ST泉为,质押/解押
300716,*ST泉为,出售/转让
300602,飞荣达,业绩预告
300602,飞荣达,破产重整
300569,天能重工,人事变动
300569,天能重工,业绩预告
300555,ST路通,退市风险
300555,ST路通,质押/解押
300555,ST路通,破产重整
300555,ST路通,重大诉讼
300555,ST路通,人事变动
300469,信息发展,破产重整
300469,信息发展,质押/解押
300469,信息发展,业绩预告
300438,鹏辉能源,业绩预告
300438,鹏辉能源,人事变动
300438,鹏辉能源,破产重整
300432,富临精工,人事变动
300432,富临精工,质押/解押
300432,富临精工,破产重整
300423,昇辉科技,并购重组
300423,昇辉科技,破产重整
300423,昇辉科技,人事变动
300335,迪森股份,分红/增持/回购
300211,*ST亿通,破产重整
300148,天舟文化,并购重组
300148,天舟文化,重大诉讼
300148,天舟文化,业绩预告
300139,晓程科技,分红/增持/回购
300139,晓程科技,破产重整
002884,凌霄泵业,破产重整
002115,三维通信,分红/增持/回购
002115,三维通信,业绩预告
002115,三维通信,质押/解押
002051,中工国际,业绩预告
002051,中工国际,分红/增持/回购
002051,中工国际,立案/处罚
000932,华菱钢铁,分红/增持/回购
000932,华菱钢铁,业绩预告
000932,华菱钢铁,并购重组
000681,视觉中国,破产重整
000681,视觉中国,业绩预告
000681,视觉中国,分红/增持/回购
688825,长鑫科技,业绩预告
688767,博拓生物,业绩预告
688766,普冉股份,分红/增持/回购
688766,普冉股份,业绩预告
688737,中自科技,破产重整
688671,碧兴物联,破产重整
688671,碧兴物联,业绩预告
688651,盛邦安全,分红/增持/回购
688651,盛邦安全,业绩预告
688633,星球石墨,分红/增持/回购
688633,星球石墨,业绩预告
688626,翔宇医疗,破产重整
688621,阳光诺和,立案/处罚
688621,阳光诺和,破产重整
688621,阳光诺和,业绩预告
688621,阳光诺和,出售/转让
688606,奥泰生物,业绩预告
688606,奥泰生物,破产重整
688598,金博股份,破产重整
688598,金博股份,出售/转让
688598,金博股份,业绩预告
688591,泰凌微,并购重组
688585,上纬新材,业绩预告
688585,上纬新材,并购重组
688502,茂莱光学,业绩预告
688298,东方生物,业绩预告
688234,天岳先进,业绩预告
688220,翱捷科技,业绩预告
688190,云路股份,立案/处罚
688190,云路股份,破产重整
688190,云路股份,分红/增持/回购
688190,云路股份,业绩预告
688132,邦彦技术,人事变动
688118,普元信息,业绩预告
688118,普元信息,破产重整
688071,华依科技,破产重整
688071,华依科技,业绩预告
688051,佳华科技,并购重组
688051,佳华科技,业绩预告
688047,龙芯中科,业绩预告
605376,博迁新材,业绩预告
605287,德才股份,分红/增持/回购
605287,德才股份,业绩预告
605199,ST葫芦娃,退市风险
605199,ST葫芦娃,出售/转让
605199,ST葫芦娃,业绩预告
605199,ST葫芦娃,立案/处罚
605199,ST葫芦娃,质押/解押
605199,ST葫芦娃,人事变动
605128,上海沿浦,业绩预告
605116,奥锐特,业绩预告
605008,长鸿高科,业绩预告
605008,长鸿高科,并购重组
605008,长鸿高科,出售/转让
605007,五洲特纸,质押/解押
605007,五洲特纸,业绩预告
603966,法兰泰克,并购重组
603966,法兰泰克,业绩预告
603906,龙蟠科技,业绩预告
603906,龙蟠科技,质押/解押
603822,ST嘉澳,人事变动
603822,ST嘉澳,业绩预告
603822,ST嘉澳,破产重整
603798,康普顿,业绩预告
603788,宁波高发,人事变动
603788,宁波高发,破产重整
603788,宁波高发,业绩预告
603755,日辰股份,业绩预告
603755,日辰股份,分红/增持/回购
603755,日辰股份,破产重整
603726,朗迪集团,分红/增持/回购
603726,朗迪集团,业绩预告
603718,*ST海利,并购重组
603718,*ST海利,出售/转让
603718,*ST海利,业绩预告
603712,七一二,业绩预告
603667,五洲新春,业绩预告
603660,苏州科达,业绩预告
603660,苏州科达,出售/转让
603657,春光科技,业绩预告
603633,徕木股份,业绩预告
603633,徕木股份,人事变动
603629,利通电子,分红/增持/回购
603629,利通电子,业绩预告
603629,利通电子,破产重整
603629,利通电子,立案/处罚
603618,杭电股份,业绩预告
603618,杭电股份,立案/处罚
603421,鼎信通讯,业绩预告
603421,鼎信通讯,破产重整
603370,华新精科,人事变动
603370,华新精科,业绩预告
603353,和顺石油,业绩预告
603313,梦百合,业绩预告
603308,应流股份,分红/增持/回购
603308,应流股份,并购重组
603308,应流股份,业绩预告
603303,得邦照明,并购重组
603303,得邦照明,分红/增持/回购
603267,鸿远电子,立案/处罚
603267,鸿远电子,业绩预告
603236,移远通信,破产重整
603236,移远通信,分红/增持/回购
603236,移远通信,重大诉讼
603236,移远通信,业绩预告
603232,格尔软件,业绩预告
603232,格尔软件,重大诉讼
603232,格尔软件,人事变动
603229,奥翔药业,分红/增持/回购
603229,奥翔药业,业绩预告
603211,晋拓股份,分红/增持/回购
603211,晋拓股份,业绩预告
603115,海星股份,分红/增持/回购
603115,海星股份,业绩预告
603115,海星股份,立案/处罚
603041,美思德,业绩预告
601991,大唐发电,破产重整
601991,大唐发电,立案/处罚
601991,大唐发电,分红/增持/回购
601990,南京证券,破产重整
601990,南京证券,分红/增持/回购
601990,南京证券,并购重组
601990,南京证券,业绩预告
601988,中国银行,分红/增持/回购
601963,重庆银行,破产重整
601963,重庆银行,分红/增持/回购
601963,重庆银行,重大诉讼
601963,重庆银行,业绩预告
601963,重庆银行,质押/解押
601939,建设银行,分红/增持/回购
601881,中国银河,分红/增持/回购
601881,中国银河,人事变动
601881,中国银河,业绩预告
601860,紫金银行,人事变动
601860,紫金银行,业绩预告
601828,美凯龙,业绩预告
601828,美凯龙,人事变动
601818,光大银行,分红/增持/回购
601818,光大银行,人事变动
601818,光大银行,业绩预告
601698,中国卫通,破产重整
601698,中国卫通,人事变动
601688,华泰证券,业绩预告
601688,华泰证券,分红/增持/回购
601669,中国电建,分红/增持/回购
601669,中国电建,业绩预告
601669,中国电建,破产重整
601611,中国核建,分红/增持/回购
601611,中国核建,业绩预告
601611,中国核建,重大诉讼
601398,工商银行,分红/增持/回购
601330,绿色动力,分红/增持/回购
601319,中国人保,人事变动
601319,中国人保,分红/增持/回购
601288,农业银行,分红/增持/回购
601208,东材科技,并购重组
601208,东材科技,破产重整
601208,东材科技,业绩预告
601208,东材科技,分红/增持/回购
601169,北京银行,分红/增持/回购
601169,北京银行,业绩预告
601108,财通证券,分红/增持/回购
601108,财通证券,业绩预告
601108,财通证券,破产重整
601108,财通证券,人事变动
601088,中国神华,破产重整
601088,中国神华,分红/增持/回购
601088,中国神华,业绩预告
600970,中材国际,重大诉讼
600970,中材国际,业绩预告
600960,渤海汽车,并购重组
600960,渤海汽车,业绩预告
600960,渤海汽车,分红/增持/回购
600875,东方电气,分红/增持/回购
600875,东方电气,破产重整
600875,东方电气,业绩预告
600827,百联股份,分红/增持/回购
600827,百联股份,业绩预告
600827,百联股份,并购重组
600827,百联股份,出售/转让
600827,百联股份,立案/处罚
600801,华新建材,分红/增持/回购
600801,华新建材,业绩预告
600801,华新建材,并购重组
600791,京能置业,业绩预告
600791,京能置业,破产重整
600780,通宝能源,分红/增持/回购
600780,通宝能源,业绩预告
600759,ST洲际,立案/处罚
600759,ST洲际,退市风险
600759,ST洲际,破产重整
600759,ST洲际,人事变动
600736,苏州高新,分红/增持/回购
600736,苏州高新,业绩预告
600736,苏州高新,人事变动
600681,百川能源,分红/增持/回购
600665,天地源,重大诉讼
600665,天地源,业绩预告
600665,天地源,质押/解押
600665,天地源,出售/转让
600630,龙头股份,破产重整
600630,龙头股份,分红/增持/回购
600630,龙头股份,业绩预告
600616,金枫酒业,分红/增持/回购
600616,金枫酒业,业绩预告
600593,大连圣亚,业绩预告
600593,大连圣亚,重大诉讼
600512,腾达建设,业绩预告
600483,福能股份,人事变动
600483,福能股份,分红/增持/回购
600483,福能股份,出售/转让
600483,福能股份,业绩预告
600483,福能股份,破产重整
600469,风神股份,业绩预告
600436,片仔癀,分红/增持/回购
600436,片仔癀,破产重整
600399,抚顺特钢,出售/转让
600399,抚顺特钢,业绩预告
600399,抚顺特钢,并购重组
600398,海澜之家,分红/增持/回购
600389,江山股份,业绩预告
600389,江山股份,分红/增持/回购
600389,江山股份,破产重整
600365,ST通葡,退市风险
600365,ST通葡,分红/增持/回购
600365,ST通葡,业绩预告
600356,恒丰纸业,人事变动
600343,航天动力,业绩预告
600343,航天动力,破产重整
600343,航天动力,出售/转让
600340,*ST华幸,质押/解押
600340,*ST华幸,业绩预告
600340,*ST华幸,破产重整
600340,*ST华幸,分红/增持/回购
600303,曙光股份,业绩预告
600303,曙光股份,破产重整
600303,曙光股份,人事变动
600258,首旅酒店,破产重整
600258,首旅酒店,业绩预告
600257,大湖股份,业绩预告
600230,沧州大化,业绩预告
600230,沧州大化,分红/增持/回购
600230,沧州大化,破产重整
600230,沧州大化,人事变动
600229,城市传媒,业绩预告
600188,兖矿能源,业绩预告
600188,兖矿能源,分红/增持/回购
600170,上海建工,业绩预告
600127,金健米业,人事变动
600127,金健米业,业绩预告
600126,杭钢股份,业绩预告
600126,杭钢股份,出售/转让
600073,光明肉业,业绩预告
600055,万东医疗,业绩预告
600055,万东医疗,人事变动
600021,上海电力,破产重整
600015,华夏银行,破产重整
600015,华夏银行,人事变动
600015,华夏银行,分红/增持/回购
600015,华夏银行,业绩预告
301207,华兰疫苗,人事变动
301207,华兰疫苗,分红/增持/回购
301159,三维天地,破产重整
301087,可孚医疗,分红/增持/回购
301087,可孚医疗,破产重整
301087,可孚医疗,业绩预告
301087,可孚医疗,人事变动
301021,英诺激光,业绩预告
301008,宏昌科技,并购重组
301008,宏昌科技,业绩预告
300842,帝科股份,质押/解押
300842,帝科股份,重大诉讼
300752,隆利科技,人事变动
300752,隆利科技,业绩预告
300672,国科微,立案/处罚
300672,国科微,业绩预告
300614,百川畅银,破产重整
300554,三超新材,出售/转让
300554,三超新材,质押/解押
300490,华自科技,质押/解押
300490,华自科技,业绩预告
300489,光智科技,并购重组
300489,光智科技,质押/解押
300489,光智科技,破产重整
300446,航天智造,业绩预告
300446,航天智造,人事变动
300446,航天智造,出售/转让
300446,航天智造,并购重组
300446,航天智造,破产重整
300413,芒果超媒,人事变动
300413,芒果超媒,分红/增持/回购
300413,芒果超媒,破产重整
300413,芒果超媒,业绩预告
300301,ST长方,退市风险
300301,ST长方,重大诉讼
300301,ST长方,破产重整
300263,隆华科技,破产重整
300263,隆华科技,分红/增持/回购
300218,安利股份,分红/增持/回购
300218,安利股份,破产重整
300123,ST亚光,破产重整
300123,ST亚光,重大诉讼
300123,ST亚光,业绩预告
300087,ST荃银,立案/处罚
300087,ST荃银,退市风险
300087,ST荃银,质押/解押
300051,琏升科技,质押/解押
300051,琏升科技,人事变动
003038,鑫铂股份,出售/转让
003038,鑫铂股份,人事变动
003038,鑫铂股份,质押/解押
003038,鑫铂股份,业绩预告
003038,鑫铂股份,破产重整
002989,中天精装,业绩预告
002989,中天精装,质押/解押
002989,中天精装,破产重整
002970,锐明技术,破产重整
002885,京泉华,业绩预告
002885,京泉华,破产重整
002885,京泉华,人事变动
002861,瀛通通讯,质押/解押
002861,瀛通通讯,业绩预告
002861,瀛通通讯,破产重整
002861,瀛通通讯,人事变动
002848,高斯贝尔,业绩预告
002796,世嘉科技,出售/转让
002796,世嘉科技,业绩预告
002796,世嘉科技,破产重整
002785,万里石,质押/解押
002785,万里石,立案/处罚
002671,龙泉股份,业绩预告
002671,龙泉股份,出售/转让
002598,ST章鼓,退市风险
002598,ST章鼓,分红/增持/回购
002567,唐人神,业绩预告
002480,新筑股份,破产重整
002480,新筑股份,业绩预告
002480,新筑股份,并购重组
002480,新筑股份,人事变动
002456,欧菲光,人事变动
002456,欧菲光,并购重组
002456,欧菲光,破产重整
002456,欧菲光,业绩预告
002456,欧菲光,质押/解押
002456,欧菲光,澄清/辟谣
002438,江苏神通,质押/解押
002310,东方新能,并购重组
002310,东方新能,重大诉讼
002310,东方新能,业绩预告
002270,华明装备,分红/增持/回购
002214,大立科技,退市风险
002214,大立科技,业绩预告
002214,大立科技,出售/转让
002214,大立科技,破产重整
002063,远光软件,破产重整
002063,远光软件,人事变动
002007,华兰生物,破产重整
002007,华兰生物,人事变动
002007,华兰生物,分红/增持/回购
001872,招商港口,分红/增持/回购
001872,招商港口,业绩预告
001396,誉帆科技,人事变动
001324,长青科技,人事变动
001324,长青科技,破产重整
001324,长青科技,业绩预告
001312,福恩股份,人事变动
001312,福恩股份,破产重整
001278,一彬科技,业绩预告
001278,一彬科技,并购重组
001237,惠康科技,分红/增持/回购
001237,惠康科技,人事变动
001237,惠康科技,破产重整
001237,惠康科技,业绩预告
001227,兰州银行,质押/解押
001227,兰州银行,破产重整
001227,兰州银行,人事变动
001215,千味央厨,人事变动
000938,紫光股份,人事变动
000938,紫光股份,业绩预告
000938,紫光股份,出售/转让
000938,紫光股份,破产重整
000930,中粮科技,分红/增持/回购
000930,中粮科技,人事变动
000930,中粮科技,业绩预告
000930,中粮科技,破产重整
000917,电广传媒,分红/增持/回购
000917,电广传媒,业绩预告
000905,厦门港务,业绩预告
000905,厦门港务,并购重组
000905,厦门港务,分红/增持/回购
000901,航天科技,业绩预告
000901,航天科技,人事变动
000837,秦川机床,人事变动
000830,鲁西化工,破产重整
000830,鲁西化工,分红/增持/回购
000830,鲁西化工,业绩预告
000800,一汽解放,破产重整
000800,一汽解放,分红/增持/回购
000800,一汽解放,业绩预告
000800,一汽解放,人事变动
000776,广发证券,业绩预告
000776,广发证券,分红/增持/回购
000776,广发证券,人事变动
000750,国海证券,破产重整
000750,国海证券,分红/增持/回购
000726,鲁泰A,人事变动
000726,鲁泰A,分红/增持/回购
000702,正虹科技,业绩预告
000685,中山公用,分红/增持/回购
000685,中山公用,业绩预告
000685,中山公用,并购重组
000685,中山公用,出售/转让
000685,中山公用,破产重整
000623,吉林敖东,人事变动
000623,吉林敖东,分红/增持/回购
000623,吉林敖东,业绩预告
000623,吉林敖东,破产重整
000623,吉林敖东,质押/解押
000566,海南海药,人事变动
000566,海南海药,业绩预告
000566,海南海药,重大诉讼
000548,湖南投资,业绩预告
000545,金浦钛业,质押/解押
000545,金浦钛业,人事变动
000545,金浦钛业,业绩预告
000545,金浦钛业,重大诉讼
000543,皖能电力,分红/增持/回购
000543,皖能电力,人事变动
000504,南华生物,业绩预告
000504,南华生物,破产重整
000426,兴业银锡,并购重组
000426,兴业银锡,破产重整
000426,兴业银锡,人事变动
000426,兴业银锡,业绩预告
000426,兴业银锡,分红/增持/回购
000419,通程控股,出售/转让
000419,通程控股,人事变动
000419,通程控股,分红/增持/回购
000419,通程控股,业绩预告
000100,TCL科技,分红/增持/回购
000100,TCL科技,并购重组
000100,TCL科技,业绩预告
000100,TCL科技,人事变动
000039,中集集团,分红/增持/回购
000039,中集集团,人事变动
000035,中国天楹,破产重整
000035,中国天楹,质押/解押
000035,中国天楹,分红/增持/回购
000035,中国天楹,人事变动
920879,基康技术,分红/增持/回购
920826,盖世食品,出售/转让
920826,盖世食品,人事变动
920751,惠同新材,分红/增持/回购
920751,惠同新材,破产重整
920751,惠同新材,业绩预告
920634,新威凌,破产重整
920634,新威凌,分红/增持/回购
920634,新威凌,业绩预告
920469,富恒新材,退市风险
920284,灵鸽科技,分红/增持/回购
920186,中科仪,破产重整
920186,中科仪,分红/增持/回购
920079,乔路铭,出售/转让
920079,乔路铭,分红/增持/回购
920078,族兴新材,并购重组
920078,族兴新材,业绩预告
920030,德众汽车,破产重整
920030,德众汽车,并购重组
920030,德众汽车,业绩预告
920023,*ST田野,退市风险
688793,倍轻松,立案/处罚
688793,倍轻松,人事变动
688793,倍轻松,业绩预告
688788,科思科技,破产重整
688788,科思科技,质押/解押
688788,科思科技,立案/处罚
688788,科思科技,业绩预告
688775,影石创新,分红/增持/回购
688775,影石创新,业绩预告
688721,龙图光罩,重大诉讼
688721,龙图光罩,业绩预告
688717,艾罗能源,业绩预告
688717,艾罗能源,分红/增持/回购
688697,纽威数控,业绩预告
688680,海优新材,人事变动
688680,海优新材,破产重整
688680,海优新材,业绩预告
688678,福立旺,业绩预告
688550,瑞联新材,质押/解押
688550,瑞联新材,业绩预告
688550,瑞联新材,分红/增持/回购
688549,中巨芯,分红/增持/回购
688528,秦川物联,分红/增持/回购
688528,秦川物联,出售/转让
688528,秦川物联,业绩预告
688450,光格科技,业绩预告
688358,祥生医疗,分红/增持/回购
688358,祥生医疗,人事变动
688358,祥生医疗,破产重整
688316,青云科技,出售/转让
688316,青云科技,人事变动
688305,科德数控,业绩预告
688281,华秦科技,出售/转让
688281,华秦科技,业绩预告
688281,华秦科技,分红/增持/回购
688262,国芯科技,业绩预告
688239,航宇科技,分红/增持/回购
688239,航宇科技,人事变动
688239,航宇科技,破产重整
688239,航宇科技,业绩预告
688191,智洋创新,人事变动
688191,智洋创新,破产重整
688191,智洋创新,立案/处罚
688191,智洋创新,业绩预告
688156,路德科技,业绩预告
688156,路德科技,立案/处罚
688156,路德科技,破产重整
688156,路德科技,人事变动
688113,联测科技,分红/增持/回购
688113,联测科技,业绩预告
688067,爱威科技,分红/增持/回购
688067,爱威科技,出售/转让
688067,爱威科技,业绩预告
688060,云涌科技,业绩预告
688052,纳芯微,分红/增持/回购
688052,纳芯微,人事变动
688052,纳芯微,破产重整
688052,纳芯微,业绩预告
688028,沃尔德,业绩预告
688028,沃尔德,立案/处罚
605338,巴比食品,业绩预告
605189,富春染织,业绩预告
605158,华达新材,业绩预告
605155,西大门,分红/增持/回购
605058,澳弘电子,分红/增持/回购
605058,澳弘电子,业绩预告
603937,丽岛新材,业绩预告
603915,国茂股份,分红/增持/回购
603915,国茂股份,业绩预告
603818,曲美家居,质押/解押
603818,曲美家居,人事变动
603818,曲美家居,业绩预告
603817,海峡环保,人事变动
603817,海峡环保,分红/增持/回购
603817,海峡环保,业绩预告
603808,歌力思,出售/转让
603808,歌力思,分红/增持/回购
603808,歌力思,业绩预告
603801,志邦家居,业绩预告
603801,志邦家居,质押/解押
603739,蔚蓝生物,业绩预告
603707,健友股份,人事变动
603707,健友股份,业绩预告
603676,卫信康,业绩预告
603595,ST东尼,质押/解押
603595,ST东尼,业绩预告
603559,中通国脉,退市风险
603559,中通国脉,业绩预告
603515,欧普照明,分红/增持/回购
603511,爱慕股份,业绩预告
603511,爱慕股份,分红/增持/回购
603506,南都物业,业绩预告
603489,八方股份,业绩预告
603477,巨星农牧,分红/增持/回购
603477,巨星农牧,业绩预告
603477,巨星农牧,质押/解押
603458,勘设股份,业绩预告
603458,勘设股份,质押/解押
603373,安邦护卫,分红/增持/回购
603331,百达精工,业绩预告
603321,梅轮电梯,人事变动
603321,梅轮电梯,业绩预告
603312,西典新能,分红/增持/回购
603312,西典新能,业绩预告
603301,振德医疗,业绩预告
603296,华勤技术,破产重整
603296,华勤技术,分红/增持/回购
603296,华勤技术,并购重组
603296,华勤技术,业绩预告
603272,*ST联翔,业绩预告
603272,*ST联翔,出售/转让
603259,药明康德,分红/增持/回购
603259,药明康德,业绩预告
603259,药明康德,出售/转让
603213,镇洋发展,并购重组
603213,镇洋发展,业绩预告
603177,德创环保,质押/解押
603177,德创环保,破产重整
603177,德创环保,业绩预告
603138,海量数据,业绩预告
603137,恒尚节能,并购重组
603137,恒尚节能,出售/转让
603137,恒尚节能,业绩预告
603135,中重科技,破产重整
603135,中重科技,业绩预告
603135,中重科技,分红/增持/回购
603116,红蜻蜓,业绩预告
603116,红蜻蜓,分红/增持/回购
603079,圣达生物,分红/增持/回购
603079,圣达生物,业绩预告
603060,国检集团,业绩预告
603060,国检集团,人事变动
603060,国检集团,破产重整
603037,凯众股份,并购重组
603037,凯众股份,分红/增持/回购
603037,凯众股份,业绩预告
601997,贵阳银行,业绩预告
601975,招商南油,并购重组
601800,中国交建,分红/增持/回购
601800,中国交建,业绩预告
601798,蓝科高新,并购重组
601798,蓝科高新,出售/转让
601798,蓝科高新,人事变动
601798,蓝科高新,业绩预告
601798,蓝科高新,破产重整
601798,蓝科高新,立案/处罚
601789,宁波建工,分红/增持/回购
601789,宁波建工,重大诉讼
601789,宁波建工,并购重组
601628,中国人寿,分红/增持/回购
601628,中国人寿,业绩预告
601601,中国太保,破产重整
601601,中国太保,分红/增持/回购
601601,中国太保,人事变动
601229,上海银行,重大诉讼
601229,上海银行,破产重整
601229,上海银行,分红/增持/回购
601225,陕西煤业,业绩预告
601225,陕西煤业,分红/增持/回购
601118,海南橡胶,业绩预告
601118,海南橡胶,破产重整
601001,晋控煤业,人事变动
601001,晋控煤业,破产重整
601001,晋控煤业,分红/增持/回购
601001,晋控煤业,业绩预告
600965,*ST福成,退市风险
600965,*ST福成,立案/处罚
600965,*ST福成,业绩预告
600901,江苏金租,业绩预告
600884,杉杉股份,业绩预告
600884,杉杉股份,重大诉讼
600863,华能蒙电,分红/增持/回购
600863,华能蒙电,并购重组
600863,华能蒙电,业绩预告
600861,北京人力,业绩预告
600814,杭州解百,分红/增持/回购
600814,杭州解百,破产重整
600814,杭州解百,业绩预告
600775,南京熊猫,业绩预告
600737,中粮糖业,分红/增持/回购
600737,中粮糖业,业绩预告
600601,方正科技,破产重整
600601,方正科技,业绩预告
600601,方正科技,人事变动
600578,京能电力,分红/增持/回购
600578,京能电力,并购重组
600578,京能电力,立案/处罚
600578,京能电力,业绩预告
600535,天士力,业绩预告
600535,天士力,破产重整
600535,天士力,人事变动
600535,天士力,分红/增持/回购
600479,千金药业,分红/增持/回购
600479,千金药业,业绩预告
600479,千金药业,并购重组
600458,时代新材,分红/增持/回购
600458,时代新材,业绩预告
600439,ST瑞贝卡,质押/解押
600439,ST瑞贝卡,退市风险
600439,ST瑞贝卡,立案/处罚
600439,ST瑞贝卡,业绩预告
600422,昆药集团,破产重整
600422,昆药集团,业绩预告
600422,昆药集团,分红/增持/回购
600422,昆药集团,出售/转让
600377,宁沪高速,分红/增持/回购
600377,宁沪高速,出售/转让
600377,宁沪高速,并购重组
600377,宁沪高速,业绩预告
600330,天通股份,业绩预告
600330,天通股份,质押/解押
600315,上海家化,分红/增持/回购
600315,上海家化,出售/转让
600315,上海家化,业绩预告
600110,诺德股份,质押/解押
600110,诺德股份,业绩预告
600110,诺德股份,出售/转让
600059,古越龙山,业绩预告
600027,华电国际,分红/增持/回购
600027,华电国际,业绩预告
600018,上港集团,分红/增持/回购
600018,上港集团,业绩预告
301677,欣兴工具,破产重整
301669,高特电子,破产重整
301638,南网数字,业绩预告
301638,南网数字,分红/增持/回购
301633,港迪技术,业绩预告
301611,珂玛科技,并购重组
301608,博实结,分红/增持/回购
301602,超研股份,人事变动
301515,港通医疗,破产重整
301499,维科精密,分红/增持/回购
301413,安培龙,质押/解押
301413,安培龙,破产重整
301413,安培龙,业绩预告
301389,隆扬电子,出售/转让
301389,隆扬电子,并购重组
301319,唯特偶,破产重整
301319,唯特偶,人事变动
301259,艾布鲁,出售/转让
301259,艾布鲁,破产重整
301259,艾布鲁,业绩预告
301232,飞沃科技,分红/增持/回购
301232,飞沃科技,质押/解押
301232,飞沃科技,业绩预告
301206,三元生物,分红/增持/回购
301112,信邦智能,并购重组
301112,信邦智能,破产重整
300986,志特新材,分红/增持/回购
300986,志特新材,破产重整
300946,恒而达,分红/增持/回购
300942,易瑞生物,破产重整
300937,药易购,并购重组
300937,药易购,人事变动
300937,药易购,重大诉讼
300790,宇瞳光学,破产重整
300790,宇瞳光学,质押/解押
300790,宇瞳光学,分红/增持/回购
300705,九典制药,业绩预告
300693,盛弘股份,分红/增持/回购
300693,盛弘股份,破产重整
300680,隆盛科技,立案/处罚
300680,隆盛科技,分红/增持/回购
300680,隆盛科技,质押/解押
300664,鹏鹞环保,人事变动
300664,鹏鹞环保,质押/解押
300664,鹏鹞环保,分红/增持/回购
300649,杭州园林,重大诉讼
300649,杭州园林,破产重整
300649,杭州园林,出售/转让
300613,富瀚微,业绩预告
300613,富瀚微,质押/解押
300576,容大感光,立案/处罚
300576,容大感光,分红/增持/回购
300576,容大感光,人事变动
300576,容大感光,破产重整
300528,幸福蓝海,破产重整
300528,幸福蓝海,人事变动
300512,中亚股份,分红/增持/回购
300512,中亚股份,人事变动
300475,香农芯创,分红/增持/回购
300475,香农芯创,业绩预告
300475,香农芯创,质押/解押
300475,香农芯创,破产重整
300475,香农芯创,人事变动
300474,景嘉微,业绩预告
300427,红相股份,出售/转让
300427,红相股份,分红/增持/回购
300426,华智数媒,破产重整
300426,华智数媒,重大诉讼
300358,楚天科技,破产重整
300358,楚天科技,并购重组
300358,楚天科技,业绩预告
300272,开能健康,分红/增持/回购
300272,开能健康,破产重整
300222,科大智能,质押/解押
300222,科大智能,分红/增持/回购
300176,鸿特科技,破产重整
300170,汉得信息,破产重整
300166,东方国信,质押/解押
300166,东方国信,破产重整
300052,中青宝,破产重整
300052,中青宝,质押/解押
300035,中科电气,破产重整
300035,中科电气,人事变动
300035,中科电气,立案/处罚
300035,中科电气,业绩预告
300015,爱尔眼科,分红/增持/回购
300015,爱尔眼科,质押/解押
300015,爱尔眼科,业绩预告
002978,安宁股份,分红/增持/回购
002978,安宁股份,人事变动
002948,青岛银行,业绩预告
002913,奥士康,业绩预告
002913,奥士康,分红/增持/回购
002905,金逸影视,人事变动
002905,金逸影视,业绩预告
002905,金逸影视,重大诉讼
002852,道道全,业绩预告
002852,道道全,质押/解押
002852,道道全,分红/增持/回购
002843,泰嘉股份,并购重组
002843,泰嘉股份,业绩预告
002828,贝肯能源,出售/转让
002828,贝肯能源,业绩预告
002828,贝肯能源,并购重组
002825,纳尔股份,业绩预告
002825,纳尔股份,人事变动
002825,纳尔股份,分红/增持/回购
002782,可立克,业绩预告
002782,可立克,破产重整
002724,海洋王,人事变动
002724,海洋王,破产重整
002724,海洋王,业绩预告
002724,海洋王,并购重组
002716,湖南白银,重大诉讼
002716,湖南白银,人事变动
002716,湖南白银,业绩预告
002642,荣联科技,分红/增持/回购
002642,荣联科技,出售/转让
002586,围海股份,人事变动
002586,围海股份,破产重整
002586,围海股份,退市风险
002570,贝因美,质押/解押
002570,贝因美,重大诉讼
002570,贝因美,并购重组
002570,贝因美,破产重整
002563,森马服饰,分红/增持/回购
002563,森马服饰,人事变动
002516,旷达科技,分红/增持/回购
002516,旷达科技,业绩预告
002500,山西证券,破产重整
002500,山西证券,分红/增持/回购
002452,长高电气,业绩预告
002430,杭氧股份,破产重整
002430,杭氧股份,分红/增持/回购
002423,中粮资本,分红/增持/回购
002423,中粮资本,业绩预告
002412,汉森制药,业绩预告
002412,汉森制药,分红/增持/回购
002393,力生制药,业绩预告
002393,力生制药,破产重整
002390,信邦制药,分红/增持/回购
002377,国创高新,分红/增持/回购
002377,国创高新,业绩预告
002377,国创高新,质押/解押
002377,国创高新,人事变动
002377,国创高新,破产重整
002365,永安药业,业绩预告
002365,永安药业,人事变动
002363,隆基机械,人事变动
002363,隆基机械,破产重整
002363,隆基机械,分红/增持/回购
002343,慈文传媒,业绩预告
002343,慈文传媒,出售/转让
002334,英威腾,破产重整
002334,英威腾,业绩预告
002316,亚联发展,重大诉讼
002316,亚联发展,出售/转让
002293,罗莱生活,业绩预告
002293,罗莱生活,分红/增持/回购
002258,利尔化学,出售/转让
002258,利尔化学,业绩预告
002222,福晶科技,分红/增持/回购
002222,福晶科技,人事变动
002222,福晶科技,业绩预告
002185,华天科技,并购重组
002185,华天科技,业绩预告
002178,延华智能,业绩预告
002178,延华智能,人事变动
002178,延华智能,重大诉讼
002178,延华智能,立案/处罚
002174,游族网络,质押/解押
002174,游族网络,业绩预告
002174,游族网络,人事变动
002140,东华科技,业绩预告
002140,东华科技,人事变动
002132,恒星科技,分红/增持/回购
002132,恒星科技,业绩预告
002132,恒星科技,人事变动
002131,利欧股份,立案/处罚
002131,利欧股份,业绩预告
002131,利欧股份,重大诉讼
002131,利欧股份,分红/增持/回购
002125,湘潭电化,业绩预告
002125,湘潭电化,出售/转让
002061,浙江交科,破产重整
002032,苏泊尔,破产重整
002032,苏泊尔,业绩预告
002032,苏泊尔,分红/增持/回购
001386,马可波罗,出售/转让
001376,百通能源,分红/增持/回购
001376,百通能源,质押/解押
001376,百通能源,人事变动
001316,润贝航科,人事变动
001316,润贝航科,业绩预告
001316,润贝航科,破产重整
001316,润贝航科,分红/增持/回购
001309,德明利,业绩预告
001309,德明利,分红/增持/回购
001309,德明利,人事变动
001308,康冠科技,分红/增持/回购
001298,好上好,业绩预告
001298,好上好,并购重组
001289,龙源电力,并购重组
001289,龙源电力,人事变动
001206,依依股份,分红/增持/回购
000999,华润三九,业绩预告
000999,华润三九,破产重整
000999,华润三九,分红/增持/回购
000958,电投产融,业绩预告
000958,电投产融,破产重整
000958,电投产融,分红/增持/回购
000957,中通客车,分红/增持/回购
000957,中通客车,业绩预告
000957,中通客车,破产重整
000910,大亚圣象,破产重整
000910,大亚圣象,业绩预告
000910,大亚圣象,分红/增持/回购
000910,大亚圣象,并购重组
000908,石药景峰,业绩预告
000908,石药景峰,重大诉讼
000908,石药景峰,质押/解押
000908,石药景峰,立案/处罚
000903,ST云动,业绩预告
000903,ST云动,人事变动
000903,ST云动,退市风险
000900,现代投资,破产重整
000900,现代投资,人事变动
000900,现代投资,业绩预告
000880,潍柴重机,分红/增持/回购
000852,石化机械,业绩预告
000852,石化机械,人事变动
000852,石化机械,破产重整
000820,神雾节能,重大诉讼
000820,神雾节能,业绩预告
000820,神雾节能,退市风险
000820,神雾节能,破产重整
000796,凯撒旅业,重大诉讼
000796,凯撒旅业,业绩预告
000796,凯撒旅业,破产重整
000630,铜陵有色,业绩预告
000630,铜陵有色,分红/增持/回购
000619,海螺新材,出售/转让
000619,海螺新材,破产重整
000619,海螺新材,业绩预告
000619,海螺新材,人事变动
000617,中油资本,破产重整
000617,中油资本,并购重组
000617,中油资本,人事变动
000617,中油资本,业绩预告
000510,新金路,破产重整
000510,新金路,人事变动
000510,新金路,业绩预告
000510,新金路,质押/解押
000510,新金路,出售/转让
000409,云鼎科技,质押/解押
000409,云鼎科技,业绩预告
000062,深圳华强,业绩预告
000062,深圳华强,分红/增持/回购
000048,京基智农,出售/转让
000048,京基智农,业绩预告
000048,京基智农,立案/处罚
000042,中洲控股,业绩预告
000042,中洲控股,质押/解押
000042,中洲控股,并购重组
000030,富奥股份,出售/转让
000030,富奥股份,破产重整
000017,深中华A,澄清/辟谣
000002,万科A,人事变动
000002,万科A,业绩预告
000002,万科A,重大诉讼
920906,舜宇精工,破产重整
920770,艾能聚,并购重组
920768,拾比佰,分红/增持/回购
920768,拾比佰,破产重整
920768,拾比佰,人事变动
920222,益坤电气,破产重整
920222,益坤电气,出售/转让
920222,益坤电气,分红/增持/回购
920037,广信科技,业绩预告
688826,频准激光,破产重整
688819,天能股份,业绩预告
688819,天能股份,人事变动
688795,摩尔线程,业绩预告
688795,摩尔线程,破产重整
688787,海天瑞声,分红/增持/回购
688787,海天瑞声,业绩预告
688718,唯赛勃,分红/增持/回购
688693,锴威特,并购重组
688693,锴威特,分红/增持/回购
688693,锴威特,出售/转让
688648,中邮科技,人事变动
688648,中邮科技,分红/增持/回购
688648,中邮科技,并购重组
688630,芯碁微装,出售/转让
688630,芯碁微装,业绩预告
688616,西力科技,业绩预告
688578,艾力斯,业绩预告
688578,艾力斯,分红/增持/回购
688501,青达环保,分红/增持/回购
688500,慧辰股份,人事变动
688500,慧辰股份,业绩预告
688388,嘉元科技,业绩预告
688306,均普智能,业绩预告
688299,长阳科技,业绩预告
688295,中复神鹰,立案/处罚
688295,中复神鹰,分红/增持/回购
688295,中复神鹰,业绩预告
688272,富吉瑞,破产重整
688272,富吉瑞,业绩预告
688269,凯立新材,破产重整
688232,新点软件,业绩预告
688222,成都先导,业绩预告
688152,麒麟信安,重大诉讼
688152,麒麟信安,业绩预告
688122,西部超导,分红/增持/回购
688122,西部超导,破产重整
688109,品茗科技,破产重整
688109,品茗科技,重大诉讼
688059,华锐精密,分红/增持/回购
688059,华锐精密,业绩预告
688049,炬芯科技,人事变动
688031,星环科技,质押/解押
688029,南微医学,分红/增持/回购
688017,绿的谐波,分红/增持/回购
688017,绿的谐波,人事变动
688016,心脉医疗,分红/增持/回购
605388,均瑶健康,破产重整
605388,均瑶健康,人事变动
605388,均瑶健康,业绩预告
605318,法狮龙,业绩预告
605318,法狮龙,人事变动
605266,健之佳,业绩预告
605089,味知香,分红/增持/回购
605089,味知香,业绩预告
605077,华康股份,业绩预告
605068,明新旭腾,分红/增持/回购
605068,明新旭腾,业绩预告
605006,山东玻纤,业绩预告
603999,读者传媒,分红/增持/回购
603999,读者传媒,破产重整
603990,麦迪科技,业绩预告
603969,银龙股份,分红/增持/回购
603969,银龙股份,业绩预告
603960,克来机电,业绩预告
603721,中广天择,出售/转让
603721,中广天择,业绩预告
603700,宁水集团,业绩预告
603693,江苏新能,人事变动
603693,江苏新能,业绩预告
603689,皖天然气,人事变动
603689,皖天然气,分红/增持/回购
603689,皖天然气,业绩预告
603637,镇海股份,出售/转让
603637,镇海股份,业绩预告
603617,君禾股份,人事变动
603617,君禾股份,业绩预告
603565,中谷物流,出售/转让
603565,中谷物流,业绩预告
603508,思维列控,业绩预告
603355,莱克电气,业绩预告
603291,联合水务,出售/转让
603291,联合水务,质押/解押
603291,联合水务,人事变动
603291,联合水务,破产重整
603291,联合水务,分红/增持/回购
603271,永杰新材,业绩预告
603237,五芳斋,业绩预告
603207,小方制药,分红/增持/回购
603203,快克智能,业绩预告
603203,快克智能,破产重整
603203,快克智能,分红/增持/回购
603194,中力股份,人事变动
603194,中力股份,破产重整
603194,中力股份,分红/增持/回购
603194,中力股份,业绩预告
603176,汇通集团,业绩预告
603090,宏盛股份,业绩预告
603087,甘李药业,破产重整
603087,甘李药业,业绩预告
603087,甘李药业,质押/解押
603081,大丰实业,业绩预告
603061,金海通,业绩预告
603061,金海通,质押/解押
603020,爱普股份,并购重组
603020,爱普股份,分红/增持/回购
603020,爱普股份,人事变动
603020,爱普股份,业绩预告
601999,出版传媒,破产重整
601999,出版传媒,分红/增持/回购
601999,出版传媒,业绩预告
601998,中信银行,人事变动
601998,中信银行,业绩预告
601998,中信银行,分红/增持/回购
601966,玲珑轮胎,质押/解押
601966,玲珑轮胎,业绩预告
601966,玲珑轮胎,分红/增持/回购
601965,中国汽研,分红/增持/回购
601965,中国汽研,业绩预告
601858,中国科传,分红/增持/回购
601858,中国科传,业绩预告
601858,中国科传,人事变动
601811,新华文轩,分红/增持/回购
601801,皖新传媒,分红/增持/回购
601801,皖新传媒,业绩预告
601702,华峰铝业,业绩预告
601519,大智慧,业绩预告
601366,利群股份,分红/增持/回购
601366,利群股份,业绩预告
601336,新华保险,业绩预告
601336,新华保险,分红/增持/回购
601336,新华保险,人事变动
601019,山东出版,分红/增持/回购
601019,山东出版,业绩预告
601012,隆基绿能,质押/解押
601012,隆基绿能,业绩预告
601011,宝泰隆,业绩预告
601011,宝泰隆,质押/解押
601002,晋亿实业,业绩预告
601002,晋亿实业,分红/增持/回购
601000,唐山港,业绩预告
600962,国投中鲁,并购重组
600962,国投中鲁,业绩预告
600958,东方证券,并购重组
600958,东方证券,分红/增持/回购
600958,东方证券,业绩预告
600958,东方证券,出售/转让
600958,东方证券,立案/处罚
600930,华电新能,分红/增持/回购
600930,华电新能,业绩预告
600908,无锡银行,分红/增持/回购
600908,无锡银行,人事变动
600908,无锡银行,业绩预告
600892,大晟文化,退市风险
600892,大晟文化,业绩预告
600892,大晟文化,人事变动
600892,大晟文化,出售/转让
600892,大晟文化,破产重整
600865,百大集团,业绩预告
600857,宁波中百,破产重整
600857,宁波中百,业绩预告
600744,华银电力,业绩预告
600744,华银电力,破产重整
600744,华银电力,人事变动
600622,光大嘉宝,业绩预告
600622,光大嘉宝,破产重整
600622,光大嘉宝,人事变动
600621,华鑫股份,业绩预告
600621,华鑫股份,分红/增持/回购
600612,老凤祥,分红/增持/回购
600540,新赛股份,业绩预告
600540,新赛股份,破产重整
600537,*ST亿晶,业绩预告
600537,*ST亿晶,破产重整
600537,*ST亿晶,重大诉讼
600507,方大特钢,破产重整
600507,方大特钢,并购重组
600507,方大特钢,质押/解押
600507,方大特钢,业绩预告
600467,好当家,分红/增持/回购
600467,好当家,质押/解押
600467,好当家,业绩预告
600391,航发科技,人事变动
600391,航发科技,业绩预告
600390,五矿资本,业绩预告
600390,五矿资本,人事变动
600390,五矿资本,分红/增持/回购
600346,恒力石化,业绩预告
600346,恒力石化,分红/增持/回购
600346,恒力石化,人事变动
600333,长春燃气,人事变动
600333,长春燃气,业绩预告
600312,平高电气,分红/增持/回购
600312,平高电气,业绩预告
600218,全柴动力,分红/增持/回购
600117,西宁特钢,质押/解押
600117,西宁特钢,业绩预告
600117,西宁特钢,破产重整
600038,中直股份,业绩预告
301563,云汉芯城,人事变动
301563,云汉芯城,业绩预告
301563,云汉芯城,分红/增持/回购
301536,星宸科技,业绩预告
301536,星宸科技,分红/增持/回购
301511,德福科技,分红/增持/回购
301511,德福科技,立案/处罚
301370,国科恒泰,重大诉讼
301331,恩威医药,质押/解押
301328,维峰电子,人事变动
301328,维峰电子,分红/增持/回购
301328,维峰电子,业绩预告
301328,维峰电子,立案/处罚
301325,曼恩斯特,破产重整
301279,金道科技,破产重整
301262,海看股份,分红/增持/回购
301217,铜冠铜箔,人事变动
301217,铜冠铜箔,破产重整
301217,铜冠铜箔,业绩预告
301217,铜冠铜箔,分红/增持/回购
301186,超达装备,分红/增持/回购
301186,超达装备,人事变动
301180,万祥科技,破产重整
301082,久盛电气,业绩预告
301079,邵阳液压,并购重组
301079,邵阳液压,业绩预告
300936,中英科技,并购重组
300936,中英科技,出售/转让
300936,中英科技,立案/处罚
300918,南山智尚,业绩预告
300918,南山智尚,分红/增持/回购
300918,南山智尚,破产重整
300899,上海凯鑫,分红/增持/回购
300897,山科智能,出售/转让
300897,山科智能,人事变动
300897,山科智能,破产重整
300809,华辰装备,分红/增持/回购
300809,华辰装备,质押/解押
300805,电声股份,分红/增持/回购
300805,电声股份,业绩预告
300785,值得买,破产重整
300777,中简科技,业绩预告
300777,中简科技,破产重整
300722,新余国科,破产重整
300666,江丰电子,并购重组
300666,江丰电子,出售/转让
300666,江丰电子,业绩预告
300666,江丰电子,质押/解押
300655,晶瑞电材,并购重组
300655,晶瑞电材,人事变动
300642,透景生命,分红/增持/回购
300596,利安隆,质押/解押
300515,三德科技,业绩预告
300515,三德科技,破产重整
300493,润欣科技,分红/增持/回购
300388,节能国祯,重大诉讼
300388,节能国祯,业绩预告
300366,ST创意,破产重整
300366,ST创意,人事变动
300366,ST创意,出售/转让
300355,蒙草生态,破产重整
300276,三丰智能,破产重整
300267,尔康制药,业绩预告
300230,永利股份,人事变动
300215,电科院,分红/增持/回购
300184,力源信息,业绩预告
300184,力源信息,分红/增持/回购
300157,新锦动力,出售/转让
300157,新锦动力,重大诉讼
300127,银河磁体,业绩预告
300076,*ST宁视,立案/处罚
300076,*ST宁视,破产重整
002982,湘佳股份,业绩预告
002963,豪尔赛,业绩预告
002963,豪尔赛,并购重组
002946,新乳业,业绩预告
002946,新乳业,分红/增持/回购
002878,元隆雅图,业绩预告
002878,元隆雅图,质押/解押
002868,绿康生化,质押/解押
002868,绿康生化,业绩预告
002868,绿康生化,出售/转让
002831,裕同科技,人事变动
002831,裕同科技,分红/增持/回购
002831,裕同科技,破产重整
002729,好利科技,并购重组
002729,好利科技,破产重整
002729,好利科技,出售/转让
002729,好利科技,业绩预告
002729,好利科技,立案/处罚
002709,天赐材料,业绩预告
002709,天赐材料,分红/增持/回购
002673,西部证券,分红/增持/回购
002661,克明食品,出售/转让
002661,克明食品,分红/增持/回购
002661,克明食品,业绩预告
002640,跨境通,业绩预告
002640,跨境通,重大诉讼
002640,跨境通,破产重整
002596,海南瑞泽,质押/解押
002596,海南瑞泽,重大诉讼
002596,海南瑞泽,业绩预告
002596,海南瑞泽,出售/转让
002555,三七互娱,分红/增持/回购
002549,凯美特气,业绩预告
002444,巨星科技,业绩预告
002444,巨星科技,出售/转让
002444,巨星科技,分红/增持/回购
002444,巨星科技,并购重组
002388,新亚制程,重大诉讼
002388,新亚制程,业绩预告
002388,新亚制程,分红/增持/回购
002381,双箭股份,业绩预告
002381,双箭股份,出售/转让
002364,中恒电气,分红/增持/回购
002364,中恒电气,业绩预告
002300,太阳电缆,人事变动
002300,太阳电缆,分红/增持/回购
002300,太阳电缆,业绩预告
002300,太阳电缆,立案/处罚
002297,博云新材,人事变动
002297,博云新材,破产重整
002297,博云新材,业绩预告
002286,保龄宝,分红/增持/回购
002265,建设工业,分红/增持/回购
002265,建设工业,人事变动
002265,建设工业,破产重整
002251,步步高,业绩预告
002248,华东数控,破产重整
002205,国统股份,人事变动
002205,国统股份,破产重整
002205,国统股份,业绩预告
002205,国统股份,质押/解押
002179,中航光电,业绩预告
002164,宁波东力,分红/增持/回购
002164,宁波东力,业绩预告
002164,宁波东力,人事变动
002164,宁波东力,立案/处罚
002108,沧州明珠,业绩预告
002108,沧州明珠,立案/处罚
002108,沧州明珠,人事变动
002047,宝鹰股份,业绩预告
002047,宝鹰股份,重大诉讼
002047,宝鹰股份,破产重整
001965,招商公路,破产重整
001965,招商公路,分红/增持/回购
001965,招商公路,人事变动
001965,招商公路,业绩预告
001299,美能能源,并购重组
001299,美能能源,人事变动
001239,永达股份,并购重组
001239,永达股份,业绩预告
001208,华菱线缆,并购重组
001208,华菱线缆,业绩预告
000951,中国重汽,业绩预告
000951,中国重汽,分红/增持/回购
000929,兰州黄河,破产重整
000929,兰州黄河,业绩预告
000825,太钢不锈,业绩预告
000789,万年青,破产重整
000789,万年青,业绩预告
000528,柳工,分红/增持/回购
000528,柳工,立案/处罚
000421,南京公用,业绩预告
000421,南京公用,并购重组
000421,南京公用,重大诉讼
000420,吉林化纤,人事变动
000032,深桑达A,出售/转让
000032,深桑达A,业绩预告
000032,深桑达A,重大诉讼
000032,深桑达A,破产重整
920946,森萱医药,破产重整
920748,路桥信息,破产重整
920405,海希通讯,分红/增持/回购
920405,海希通讯,出售/转让
920405,海希通讯,退市风险
920405,海希通讯,立案/处罚
920288,华大海天,出售/转让
920220,朗信电气,破产重整
920220,朗信电气,分红/增持/回购
920202,安达股份,破产重整
920168,通宝光电,分红/增持/回购
920168,通宝光电,破产重整
920112,巴兰仕,分红/增持/回购
920072,科莱瑞迪,出售/转让
920072,科莱瑞迪,破产重整
920072,科莱瑞迪,人事变动
920072,科莱瑞迪,分红/增持/回购
874709,华大海天,出售/转让
874433,安达股份,破产重整
688813,泰金新能,分红/增持/回购
688783,西安奕材,业绩预告
688720,艾森股份,分红/增持/回购
688720,艾森股份,人事变动
688720,艾森股份,破产重整
688720,艾森股份,业绩预告
688679,通源环境,业绩预告
688538,和辉光电,人事变动
688531,日联科技,并购重组
688531,日联科技,澄清/辟谣
688531,日联科技,业绩预告
688523,航天环宇,业绩预告
688517,金冠电气,业绩预告
688507,索辰科技,分红/增持/回购
688425,铁建重工,人事变动
688425,铁建重工,分红/增持/回购
688425,铁建重工,业绩预告
688416,恒烁股份,业绩预告
688382,益方生物,业绩预告
688337,普源精电,业绩预告
688337,普源精电,出售/转让
688337,普源精电,分红/增持/回购
688337,普源精电,人事变动
688315,诺禾致源,业绩预告
688257,新锐股份,并购重组
688257,新锐股份,业绩预告
688257,新锐股份,人事变动
688244,永信至诚,人事变动
688244,永信至诚,业绩预告
688231,隆达股份,业绩预告
688231,隆达股份,破产重整
688231,隆达股份,分红/增持/回购
688231,隆达股份,人事变动
688187,时代电气,人事变动
688187,时代电气,破产重整
688187,时代电气,分红/增持/回购
688187,时代电气,业绩预告
688161,威高骨科,分红/增持/回购
688138,清溢光电,分红/增持/回购
688087,英科再生,分红/增持/回购
688087,英科再生,业绩预告
605298,必得科技,出售/转让
605298,必得科技,业绩预告
605196,华通线缆,重大诉讼
605196,华通线缆,业绩预告
603889,新澳股份,业绩预告
603871,嘉友国际,分红/增持/回购
603871,嘉友国际,破产重整
603711,香飘飘,业绩预告
603711,香飘飘,人事变动
603703,盛洋科技,人事变动
603703,盛洋科技,并购重组
603703,盛洋科技,业绩预告
603688,石英股份,业绩预告
603386,骏亚科技,业绩预告
603378,*ST亚士,质押/解押
603378,*ST亚士,分红/增持/回购
603378,*ST亚士,重大诉讼
603378,*ST亚士,业绩预告
603365,水星家纺,分红/增持/回购
603320,迪贝电气,业绩预告
603307,扬州金泉,业绩预告
603307,扬州金泉,分红/增持/回购
603221,爱丽家居,业绩预告
603221,爱丽家居,并购重组
603221,爱丽家居,出售/转让
603221,爱丽家居,分红/增持/回购
603112,华翔股份,分红/增持/回购
603109,神驰机电,分红/增持/回购
603109,神驰机电,业绩预告
603105,芯能科技,业绩预告
603025,大豪科技,人事变动
603025,大豪科技,破产重整
603025,大豪科技,业绩预告
603019,中科曙光,业绩预告
603019,中科曙光,分红/增持/回购
603000,人民网,分红/增持/回购
603000,人民网,业绩预告
603000,人民网,人事变动
601827,三峰环境,人事变动
601827,三峰环境,破产重整
601827,三峰环境,业绩预告
601808,中海油服,人事变动
601808,中海油服,业绩预告
601598,中国外运,人事变动
601598,中国外运,破产重整
601598,中国外运,分红/增持/回购
601375,中原证券,业绩预告
601375,中原证券,分红/增持/回购
601233,桐昆股份,人事变动
601233,桐昆股份,分红/增持/回购
601233,桐昆股份,业绩预告
601226,华电科工,分红/增持/回购
601226,华电科工,业绩预告
601098,中南传媒,分红/增持/回购
601098,中南传媒,人事变动
601098,中南传媒,业绩预告
601033,永兴股份,人事变动
601033,永兴股份,业绩预告
600992,贵绳股份,破产重整
600992,贵绳股份,业绩预告
600992,贵绳股份,重大诉讼
600989,宝丰能源,破产重整
600989,宝丰能源,业绩预告
600989,宝丰能源,分红/增持/回购
600987,航民股份,分红/增持/回购
600987,航民股份,业绩预告
600983,惠而浦,业绩预告
600968,海油发展,业绩预告
600956,新天绿能,分红/增持/回购
600956,新天绿能,破产重整
600956,新天绿能,业绩预告
600925,苏能股份,分红/增持/回购
600925,苏能股份,业绩预告
600858,银座股份,业绩预告
600855,航天长峰,人事变动
600855,航天长峰,业绩预告
600855,航天长峰,出售/转让
600855,航天长峰,质押/解押
600828,茂业商业,业绩预告
600828,茂业商业,质押/解押
600828,茂业商业,人事变动
600797,浙大网新,分红/增持/回购
600797,浙大网新,业绩预告
600756,浪潮软件,业绩预告
600719,大连热电,破产重整
600719,大连热电,业绩预告
600699,均胜电子,业绩预告
600664,哈药股份,质押/解押
600664,哈药股份,业绩预告
600664,哈药股份,出售/转让
600639,浦东金桥,破产重整
600639,浦东金桥,分红/增持/回购
600639,浦东金桥,出售/转让
600639,浦东金桥,人事变动
600576,祥源文旅,业绩预告
600573,惠泉啤酒,业绩预告
600570,恒生电子,业绩预告
600570,恒生电子,分红/增持/回购
600552,凯盛科技,破产重整
600528,中铁工业,分红/增持/回购
600528,中铁工业,业绩预告
600528,中铁工业,人事变动
600470,六国化工,业绩预告
600435,北方导航,业绩预告
600435,北方导航,破产重整
600409,三友化工,业绩预告
600409,三友化工,人事变动
600409,三友化工,分红/增持/回购
600396,华电辽能,业绩预告
600267,海正药业,业绩预告
600259,中稀有色,破产重整
600259,中稀有色,业绩预告
600259,中稀有色,出售/转让
600251,冠农股份,分红/增持/回购
600251,冠农股份,质押/解押
600251,冠农股份,业绩预告
600183,生益科技,业绩预告
600148,长春一东,人事变动
600148,长春一东,业绩预告
600029,南方航空,破产重整
600029,南方航空,业绩预告
600025,华能水电,分红/增持/回购
600025,华能水电,业绩预告
301555,惠柏新材,人事变动
301555,惠柏新材,分红/增持/回购
301550,斯菱智驱,立案/处罚
301550,斯菱智驱,破产重整
301528,多浦乐,破产重整
301456,盘古智能,破产重整
301355,南王科技,人事变动
301311,昆船智能,人事变动
301311,昆船智能,并购重组
301213,观想科技,并购重组
301085,亚康股份,出售/转让
301085,亚康股份,破产重整
301029,怡合达,分红/增持/回购
301019,宁波色母,分红/增持/回购
301019,宁波色母,破产重整
300910,瑞丰新材,人事变动
300910,瑞丰新材,破产重整
300896,爱美客,分红/增持/回购
300887,谱尼测试,业绩预告
300873,海晨股份,分红/增持/回购
300873,海晨股份,破产重整
300836,佰奥智能,分红/增持/回购
300836,佰奥智能,人事变动
300782,卓胜微,重大诉讼
300782,卓胜微,人事变动
300782,卓胜微,破产重整
300581,晨曦航空,人事变动
300467,迅游科技,分红/增持/回购
300467,迅游科技,出售/转让
300425,中建环能,破产重整
300406,九强生物,破产重整
300406,九强生物,人事变动
300406,九强生物,分红/增持/回购
300380,安硕信息,破产重整
300369,绿盟科技,人事变动
300369,绿盟科技,破产重整
300334,津膜科技,破产重整
300189,神农种业,人事变动
300189,神农种业,破产重整
300179,四方达,立案/处罚
300179,四方达,业绩预告
300179,四方达,破产重整
300158,振东制药,人事变动
300158,振东制药,出售/转让
300130,新国都,分红/增持/回购
300119,瑞普生物,人事变动
300067,安诺其,人事变动
300067,安诺其,并购重组
300067,安诺其,出售/转让
300067,安诺其,破产重整
003040,楚天龙,质押/解押
003040,楚天龙,业绩预告
003040,楚天龙,破产重整
003019,宸展光电,人事变动
003008,开普检测,分红/增持/回购
003008,开普检测,破产重整
003008,开普检测,人事变动
002987,京北方,人事变动
002903,宇环数控,业绩预告
002903,宇环数控,分红/增持/回购
002895,川恒股份,分红/增持/回购
002895,川恒股份,业绩预告
002867,周大生,分红/增持/回购
002867,周大生,质押/解押
002867,周大生,破产重整
002818,富森美,业绩预告
002818,富森美,分红/增持/回购
002733,雄韬股份,分红/增持/回购
002732,燕塘乳业,业绩预告
002732,燕塘乳业,破产重整
002544,普天科技,分红/增持/回购
002544,普天科技,业绩预告
002544,普天科技,破产重整
002472,双环传动,分红/增持/回购
002419,天虹股份,分红/增持/回购
002419,天虹股份,破产重整
002370,亚太药业,业绩预告
002370,亚太药业,分红/增持/回购
002370,亚太药业,人事变动
002323,*ST雅博,立案/处罚
002323,*ST雅博,出售/转让
002323,*ST雅博,业绩预告
002323,*ST雅博,人事变动
002323,*ST雅博,重大诉讼
002272,川润股份,破产重整
002272,川润股份,业绩预告
002250,联化科技,分红/增持/回购
002250,联化科技,业绩预告
002068,黑猫股份,业绩预告
002068,黑猫股份,出售/转让
002068,黑猫股份,破产重整
002043,兔宝宝,分红/增持/回购
002016,世荣兆业,业绩预告
002016,世荣兆业,人事变动
001248,华润新能源,人事变动
000795,英洛华,人事变动
000795,英洛华,分红/增持/回购
000777,中核科技,破产重整
000777,中核科技,分红/增持/回购
000777,中核科技,并购重组
000777,中核科技,业绩预告
000733,振华科技,分红/增持/回购
000733,振华科技,人事变动
000722,湖南发展,业绩预告
000722,湖南发展,并购重组
000695,滨海能源,出售/转让
000695,滨海能源,并购重组
000695,滨海能源,分红/增持/回购
000695,滨海能源,业绩预告
000695,滨海能源,人事变动
000695,滨海能源,破产重整
000565,渝三峡A,分红/增持/回购
000565,渝三峡A,业绩预告
000563,陕国投A,业绩预告
000563,陕国投A,分红/增持/回购
000547,航天发展,业绩预告
000547,航天发展,重大诉讼
000539,粤电力A,人事变动
000539,粤电力A,破产重整
000539,粤电力A,分红/增持/回购
000539,粤电力A,业绩预告
920925,锦好医疗,分红/增持/回购
920870,恒进感应,业绩预告
920870,恒进感应,破产重整
920368,连城数控,分红/增持/回购
920368,连城数控,破产重整
920367,新赣江,破产重整
920263,中航泰达,质押/解押
920263,中航泰达,分红/增持/回购
920263,中航泰达,破产重整
920238,长鹰硬科,出售/转让
920238,长鹰硬科,破产重整
920221,易实精密,并购重组
920199,倍益康,破产重整
920169,七丰精工,破产重整
920160,北矿检测,破产重整
920029,开发科技,破产重整
688726,拉普拉斯,业绩预告
688689,银河微电,并购重组
688689,银河微电,出售/转让
688689,银河微电,业绩预告
688655,迅捷兴,业绩预告
688433,华曙高科,破产重整
688433,华曙高科,业绩预告
688418,震有科技,重大诉讼
688418,震有科技,分红/增持/回购
688396,华润微,业绩预告
688396,华润微,分红/增持/回购
688345,博力威,重大诉讼
688345,博力威,业绩预告
688249,晶合集成,出售/转让
688249,晶合集成,破产重整
688172,燕东微,分红/增持/回购
688172,燕东微,业绩预告
688151,华强科技,业绩预告
688151,华强科技,分红/增持/回购
688126,沪硅产业,业绩预告
688126,沪硅产业,破产重整
688116,天奈科技,分红/增持/回购
688116,天奈科技,出售/转让
688116,天奈科技,业绩预告
688108,赛诺医疗,业绩预告
688097,博众精工,破产重整
688097,博众精工,分红/增持/回购
688097,博众精工,业绩预告
688048,长光华芯,重大诉讼
688036,传音控股,业绩预告
688036,传音控股,分红/增持/回购
605288,凯迪股份,业绩预告
603977,国泰集团,分红/增持/回购
603977,国泰集团,出售/转让
603977,国泰集团,业绩预告
603977,国泰集团,破产重整
603936,博敏电子,立案/处罚
603936,博敏电子,分红/增持/回购
603936,博敏电子,业绩预告
603887,城地香江,业绩预告
603887,城地香江,破产重整
603866,桃李面包,质押/解押
603866,桃李面包,业绩预告
603843,*ST正平,人事变动
603843,*ST正平,重大诉讼
603843,*ST正平,业绩预告
603696,安记食品,业绩预告
603690,至纯科技,质押/解押
603690,至纯科技,立案/处罚
603690,至纯科技,业绩预告
603690,至纯科技,出售/转让
603690,至纯科技,人事变动
603665,康隆达,业绩预告
603665,康隆达,质押/解押
603639,海利尔,分红/增持/回购
603639,海利尔,人事变动
603639,海利尔,破产重整
603605,珀莱雅,分红/增持/回购
603605,珀莱雅,业绩预告
603599,广信股份,分红/增持/回购
603599,广信股份,业绩预告
603566,普莱柯,业绩预告
603293,埃泰克,业绩预告
603283,赛腾股份,质押/解押
603283,赛腾股份,业绩预告
603233,大参林,质押/解押
603233,大参林,分红/增持/回购
603233,大参林,人事变动
603214,爱婴室,分红/增持/回购
603208,江山欧派,业绩预告
603208,江山欧派,破产重整
603208,江山欧派,人事变动
603206,嘉环科技,业绩预告
603206,嘉环科技,质押/解押
603151,邦基科技,人事变动
603151,邦基科技,分红/增持/回购
603151,邦基科技,业绩预告
603151,邦基科技,破产重整
603136,天目湖,业绩预告
603131,上海沪工,业绩预告
603099,长白山,分红/增持/回购
603099,长白山,业绩预告
603092,德力佳,业绩预告
603076,乐惠国际,业绩预告
603075,热威股份,业绩预告
601566,九牧王,业绩预告
601388,怡球资源,业绩预告
601137,博威合金,分红/增持/回购
601137,博威合金,业绩预告
601111,中国国航,业绩预告
601111,中国国航,破产重整
601100,恒立液压,分红/增持/回购
601100,恒立液压,业绩预告
601061,中信金属,人事变动
601061,中信金属,分红/增持/回购
601061,中信金属,业绩预告
600984,建设机械,立案/处罚
600984,建设机械,破产重整
600984,建设机械,业绩预告
600984,建设机械,并购重组
600984,建设机械,出售/转让
600955,维远股份,业绩预告
600909,华安证券,人事变动
600909,华安证券,分红/增持/回购
600909,华安证券,业绩预告
600909,华安证券,破产重整
600893,航发动力,业绩预告
600893,航发动力,人事变动
600888,新疆众和,业绩预告
600882,妙可蓝多,业绩预告
600882,妙可蓝多,分红/增持/回购
600867,通化东宝,质押/解押
600867,通化东宝,业绩预告
600845,宝信软件,业绩预告
600845,宝信软件,破产重整
600761,安徽合力,分红/增持/回购
600761,安徽合力,业绩预告
600740,山西焦化,业绩预告
600686,金龙汽车,分红/增持/回购
600686,金龙汽车,业绩预告
600626,申达股份,破产重整
600626,申达股份,分红/增持/回购
600626,申达股份,业绩预告
600603,广汇物流,分红/增持/回购
600603,广汇物流,业绩预告
600603,广汇物流,立案/处罚
600567,山鹰国际,业绩预告
600567,山鹰国际,质押/解押
600567,山鹰国际,分红/增持/回购
600550,保变电气,业绩预告
600510,黑牡丹,分红/增持/回购
600510,黑牡丹,业绩预告
600486,扬农化工,业绩预告
600486,扬农化工,分红/增持/回购
600446,金证股份,破产重整
600446,金证股份,业绩预告
600288,大恒科技,业绩预告
600288,大恒科技,分红/增持/回购
600226,亨通股份,破产重整
600226,亨通股份,出售/转让
600226,亨通股份,立案/处罚
600226,亨通股份,业绩预告
600165,宁科生物,业绩预告
600165,宁科生物,重大诉讼
600165,宁科生物,破产重整
600165,宁科生物,分红/增持/回购
600165,宁科生物,退市风险
600152,维科技术,业绩预告
600131,国网信通,业绩预告
600131,国网信通,并购重组
600131,国网信通,分红/增持/回购
600130,波导股份,业绩预告
600125,铁龙物流,业绩预告
600125,铁龙物流,分红/增持/回购
600121,郑州煤电,业绩预告
600084,*ST尼雅,人事变动
600084,*ST尼雅,业绩预告
600071,凤凰光学,业绩预告
600071,凤凰光学,破产重整
301383,天键股份,破产重整
301258,富士莱,业绩预告
301203,国泰环保,分红/增持/回购
301203,国泰环保,立案/处罚
301203,国泰环保,破产重整
301099,雅创电子,并购重组
301099,雅创电子,分红/增持/回购
301099,雅创电子,业绩预告
301090,华润材料,业绩预告
301090,华润材料,分红/增持/回购
301070,开勒股份,质押/解押
301070,开勒股份,破产重整
301070,开勒股份,并购重组
301070,开勒股份,人事变动
301041,金百泽,人事变动
301002,崧盛股份,质押/解押
301002,崧盛股份,业绩预告
301002,崧盛股份,出售/转让
300922,天秦装备,人事变动
300922,天秦装备,破产重整
300922,天秦装备,并购重组
300919,中伟新材,业绩预告
300919,中伟新材,分红/增持/回购
300788,中信出版,破产重整
300788,中信出版,分红/增持/回购
300788,中信出版,业绩预告
300773,拉卡拉,质押/解押
300773,拉卡拉,业绩预告
300773,拉卡拉,分红/增持/回购
300732,设研院,质押/解押
300732,设研院,破产重整
300691,联合光电,分红/增持/回购
300691,联合光电,质押/解押
300691,联合光电,并购重组
300690,双一科技,分红/增持/回购
300600,国瑞科技,并购重组
300562,乐心股份,出售/转让
300562,乐心股份,分红/增持/回购
300483,首华燃气,质押/解押
300483,首华燃气,破产重整
300483,首华燃气,出售/转让
300470,中密控股,分红/增持/回购
300338,*ST开元,破产重整
300338,*ST开元,业绩预告
300256,星星科技,出售/转让
300256,星星科技,破产重整
300235,方直科技,分红/增持/回购
300223,君正股份,业绩预告
300223,君正股份,分红/增持/回购
300223,君正股份,出售/转让
300180,华峰超纤,分红/增持/回购
300180,华峰超纤,人事变动
300175,朗源股份,人事变动
300113,顺网科技,质押/解押
300113,顺网科技,分红/增持/回购
300040,九洲集团,破产重整
300040,九洲集团,质押/解押
300040,九洲集团,人事变动
300022,吉峰科技,出售/转让
300022,吉峰科技,破产重整
300011,鼎汉技术,破产重整
003017,大洋生物,分红/增持/回购
002756,永兴材料,业绩预告
002756,永兴材料,分红/增持/回购
002703,浙江世宝,立案/处罚
002703,浙江世宝,分红/增持/回购
002666,德联集团,分红/增持/回购
002666,德联集团,并购重组
002533,金杯电工,人事变动
002533,金杯电工,业绩预告
002510,天汽模,并购重组
002475,立讯精密,分红/增持/回购
002475,立讯精密,出售/转让
002475,立讯精密,业绩预告
002466,天齐锂业,业绩预告
002426,胜利精密,破产重整
002426,胜利精密,人事变动
002426,胜利精密,业绩预告
002426,胜利精密,重大诉讼
002421,达实智能,质押/解押
002421,达实智能,业绩预告
002421,达实智能,重大诉讼
002395,双象股份,分红/增持/回购
002395,双象股份,质押/解押
002374,中锐股份,业绩预告
002374,中锐股份,破产重整
002374,中锐股份,质押/解押
002367,康力电梯,出售/转让
002312,川发龙蟒,破产重整
002312,川发龙蟒,分红/增持/回购
002229,鸿博股份,业绩预告
002229,鸿博股份,重大诉讼
002229,鸿博股份,人事变动
002191,劲嘉股份,业绩预告
002191,劲嘉股份,出售/转让
002191,劲嘉股份,重大诉讼
002157,正邦科技,业绩预告
002157,正邦科技,破产重整
002149,西部材料,分红/增持/回购
002084,海鸥住工,业绩预告
002084,海鸥住工,并购重组
002084,海鸥住工,出售/转让
002084,海鸥住工,人事变动
002074,国轩高科,出售/转让
002074,国轩高科,分红/增持/回购
002074,国轩高科,业绩预告
001399,惠科股份,破产重整
001399,惠科股份,分红/增持/回购
001399,惠科股份,业绩预告
001382,新亚电缆,分红/增持/回购
001365,天海电子,重大诉讼
001365,天海电子,破产重整
001226,拓山重工,业绩预告
001226,拓山重工,人事变动
001226,拓山重工,破产重整
001218,丽臣实业,分红/增持/回购
001218,丽臣实业,业绩预告
000962,东方钽业,人事变动
000962,东方钽业,分红/增持/回购
000959,首钢股份,分红/增持/回购
000959,首钢股份,业绩预告
000815,美利云,分红/增持/回购
000797,中国武夷,重大诉讼
000797,中国武夷,业绩预告
000797,中国武夷,破产重整
000778,新兴铸管,分红/增持/回购
000778,新兴铸管,破产重整
000778,新兴铸管,人事变动
000778,新兴铸管,立案/处罚
000768,中航西飞,破产重整
000768,中航西飞,业绩预告
000719,中原传媒,分红/增持/回购
000719,中原传媒,破产重整
000719,中原传媒,业绩预告
000423,东阿阿胶,分红/增持/回购
000423,东阿阿胶,业绩预告
000099,中信海直,破产重整
000099,中信海直,人事变动
000099,中信海直,分红/增持/回购
000088,盐田港,并购重组
000037,深南电A,破产重整
000037,深南电A,业绩预告
000014,沙河股份,业绩预告
000014,沙河股份,破产重整
000014,沙河股份,并购重组
920566,梓橦宫,质押/解押
920378,泰德股份,人事变动
920138,杰理科技,出售/转让
920138,杰理科技,破产重整
920022,世昌股份,破产重整
920022,世昌股份,分红/增持/回购
603758,秦安股份,人事变动
603758,秦安股份,分红/增持/回购
603758,秦安股份,破产重整
603758,秦安股份,业绩预告
603334,丰倍生物,破产重整
600816,建元信托,重大诉讼
600816,建元信托,质押/解押
600816,建元信托,业绩预告
600104,上汽集团,分红/增持/回购
600104,上汽集团,业绩预告
301117,ST佳缘,人事变动
301117,ST佳缘,立案/处罚
301117,ST佳缘,退市风险
300984,金沃股份,分红/增持/回购
300984,金沃股份,质押/解押
300881,盛德鑫泰,分红/增持/回购
300851,交大思诺,并购重组
300851,交大思诺,业绩预告
300583,赛托生物,分红/增持/回购
300583,赛托生物,重大诉讼
300270,中威电子,重大诉讼
300270,中威电子,破产重整
300264,佳创视讯,出售/转让
300264,佳创视讯,破产重整
300249,依米康,质押/解押
300249,依米康,破产重整
300249,依米康,重大诉讼
300153,科泰电源,出售/转让
300146,汤臣倍健,人事变动
300146,汤臣倍健,破产重整
300091,*ST金灵,质押/解押
300091,*ST金灵,分红/增持/回购
300091,*ST金灵,破产重整
300083,创世纪,立案/处罚
300083,创世纪,质押/解押
300083,创世纪,破产重整
300072,海新能科,人事变动
300003,乐普医疗,质押/解押
300003,乐普医疗,分红/增持/回购
300003,乐普医疗,人事变动
300003,乐普医疗,出售/转让
003027,同兴科技,业绩预告
003027,同兴科技,分红/增持/回购
002669,康达新材,质押/解押
002669,康达新材,出售/转让
002445,中南文化,破产重整
002445,中南文化,人事变动
002445,中南文化,并购重组
002445,中南文化,出售/转让
002333,罗普斯金,并购重组
002333,罗普斯金,人事变动
000657,中钨高新,分红/增持/回购
000657,中钨高新,业绩预告
000628,高新发展,人事变动
000628,高新发展,分红/增持/回购
000615,*ST美谷,业绩预告
000615,*ST美谷,退市风险
000615,*ST美谷,立案/处罚
000615,*ST美谷,重大诉讼
000065,北方国际,业绩预告
688580,伟思医疗,业绩预告
688579,地纬智能,分红/增持/回购
688579,地纬智能,业绩预告
688570,天玛智控,业绩预告
688456,有研粉材,出售/转让
688456,有研粉材,业绩预告
688377,迪威尔,业绩预告
688376,美埃科技,并购重组
688376,美埃科技,出售/转让
688376,美埃科技,业绩预告
688309,恒誉科技,业绩预告
688309,恒誉科技,出售/转让
688275,万润新能,业绩预告
688227,品高股份,业绩预告
688213,思特威,业绩预告
688007,光峰科技,业绩预告
605555,德昌股份,业绩预告
603881,数据港,分红/增持/回购
603809,豪能股份,破产重整
603809,豪能股份,人事变动
603809,豪能股份,业绩预告
603678,火炬电子,质押/解押
603678,火炬电子,业绩预告
603678,火炬电子,分红/增持/回购
603678,火炬电子,出售/转让
603663,三祥新材,分红/增持/回购
603663,三祥新材,业绩预告
603663,三祥新材,质押/解押
603587,地素时尚,分红/增持/回购
603587,地素时尚,业绩预告
603486,科沃斯,分红/增持/回购
603486,科沃斯,业绩预告
603466,风语筑,破产重整
603466,风语筑,业绩预告
603380,易德龙,质押/解押
603380,易德龙,业绩预告
603351,威尔药业,质押/解押
603183,建研院,业绩预告
603183,建研院,人事变动
603179,新泉股份,业绩预告
603095,越剑智能,业绩预告
603072,天和磁材,破产重整
603072,天和磁材,业绩预告
603052,可川科技,业绩预告
603052,可川科技,破产重整
603021,*ST华鹏,质押/解押
603021,*ST华鹏,重大诉讼
603021,*ST华鹏,业绩预告
603021,*ST华鹏,人事变动
601933,永辉超市,破产重整
601933,永辉超市,业绩预告
601933,永辉超市,重大诉讼
601933,永辉超市,出售/转让
601778,晶科科技,质押/解押
601778,晶科科技,分红/增持/回购
601778,晶科科技,破产重整
601778,晶科科技,人事变动
601778,晶科科技,出售/转让
601778,晶科科技,业绩预告
601311,骆驼股份,分红/增持/回购
601311,骆驼股份,业绩预告
601186,中国铁建,破产重整
601186,中国铁建,分红/增持/回购
601186,中国铁建,业绩预告
600990,四创电子,业绩预告
600817,宇通重工,分红/增持/回购
600817,宇通重工,业绩预告
600617,国新能源,并购重组
600617,国新能源,出售/转让
600617,国新能源,业绩预告
600408,安泰集团,业绩预告
600408,安泰集团,立案/处罚
600408,安泰集团,分红/增持/回购
600408,安泰集团,人事变动
600319,亚星化学,业绩预告
600319,亚星化学,出售/转让
600313,农发种业,业绩预告
600313,农发种业,人事变动
600308,华泰股份,业绩预告
600228,返利科技,出售/转让
600228,返利科技,并购重组
600228,返利科技,业绩预告
600075,新疆天业,分红/增持/回购
600075,新疆天业,业绩预告
600075,新疆天业,人事变动
600000,浦发银行,分红/增持/回购
600000,浦发银行,业绩预告
301682,宏明电子,分红/增持/回购
301682,宏明电子,破产重整
301631,壹连科技,人事变动
301631,壹连科技,破产重整
301502,华阳智能,质押/解押
301502,华阳智能,出售/转让
301338,凯格精机,业绩预告
301215,中汽股份,业绩预告
301093,华兰股份,分红/增持/回购
301093,华兰股份,质押/解押
301093,华兰股份,破产重整
301050,雷电微力,破产重整
300853,申昊科技,并购重组
300589,江龙船艇,业绩预告
300373,扬杰科技,人事变动
300373,扬杰科技,业绩预告
300226,上海钢联,分红/增持/回购
300188,国投智能,并购重组
300188,国投智能,业绩预告
300144,宋城演艺,分红/增持/回购
300144,宋城演艺,出售/转让
300144,宋城演艺,人事变动
300129,泰胜风能,分红/增持/回购
300129,泰胜风能,破产重整
300128,锦富技术,破产重整
300128,锦富技术,出售/转让
003028,振邦智能,业绩预告
003028,振邦智能,分红/增持/回购
002892,科力尔,业绩预告
002892,科力尔,破产重整
002817,黄山胶囊,破产重整
002692,远程股份,业绩预告
002692,远程股份,重大诉讼
002682,龙洲股份,业绩预告
002682,龙洲股份,重大诉讼
002633,申科股份,质押/解押
002633,申科股份,并购重组
002609,捷顺科技,破产重整
002609,捷顺科技,出售/转让
002608,江苏国信,分红/增持/回购
002608,江苏国信,业绩预告
002517,恺英网络,业绩预告
002493,荣盛石化,业绩预告
002493,荣盛石化,人事变动
002493,荣盛石化,立案/处罚
002454,松芝股份,破产重整
002454,松芝股份,人事变动
002306,ST云网,业绩预告
002306,ST云网,立案/处罚
002306,ST云网,重大诉讼
002289,宇顺电子,退市风险
002289,宇顺电子,立案/处罚
002289,宇顺电子,分红/增持/回购
002289,宇顺电子,并购重组
002289,宇顺电子,业绩预告
002289,宇顺电子,人事变动
002105,信隆健康,业绩预告
002105,信隆健康,破产重整
002075,沙钢股份,分红/增持/回购
002069,獐子岛,人事变动
002069,獐子岛,出售/转让
001285,瑞立科密,并购重组
001285,瑞立科密,破产重整
000931,中关村,业绩预告
000931,中关村,质押/解押
000931,中关村,重大诉讼
000881,中广核技,并购重组
000881,中广核技,立案/处罚
000881,中广核技,业绩预告
000881,中广核技,人事变动
000856,冀东装备,重大诉讼
000856,冀东装备,破产重整
000753,漳州发展,破产重整
000599,青岛双星,业绩预告
000599,青岛双星,人事变动
000599,青岛双星,并购重组
000507,珠海港,出售/转让
000507,珠海港,分红/增持/回购
000505,京粮控股,出售/转让
000410,沈阳机床,破产重整
000410,沈阳机床,业绩预告
000410,沈阳机床,人事变动
000089,深圳机场,业绩预告
000089,深圳机场,人事变动
000089,深圳机场,破产重整
000036,华联控股,并购重组
000036,华联控股,业绩预告
920837,华原股份,人事变动
920837,华原股份,破产重整
920670,数字人,破产重整
920670,数字人,人事变动
920489,佳先股份,破产重整
920061,西磁科技,破产重整
920058,华洋赛车,并购重组
920056,能之光,人事变动
920056,能之光,破产重整
920021,流金科技,破产重整
920006,晟楠科技,分红/增持/回购
920006,晟楠科技,破产重整
688710,益诺思,破产重整
688710,益诺思,业绩预告
688658,悦康药业,重大诉讼
688658,悦康药业,质押/解押
688658,悦康药业,业绩预告
688449,联芸科技,业绩预告
688439,振华风光,分红/增持/回购
688439,振华风光,业绩预告
688336,三生国健,业绩预告
688336,三生国健,分红/增持/回购
688286,敏芯股份,分红/增持/回购
688286,敏芯股份,破产重整
688286,敏芯股份,业绩预告
688286,敏芯股份,立案/处罚
688286,敏芯股份,并购重组
688235,百济神州,业绩预告
605296,神农集团,业绩预告
603916,苏博特,业绩预告
603848,好太太,业绩预告
603708,家家悦,分红/增持/回购
603708,家家悦,业绩预告
603677,奇精机械,破产重整
603677,奇精机械,业绩预告
603533,掌阅科技,业绩预告
603187,海容冷链,业绩预告
603070,万控智造,业绩预告
603070,万控智造,并购重组
603043,广州酒家,人事变动
603043,广州酒家,业绩预告
601177,杭齿前进,业绩预告
601166,兴业银行,人事变动
601166,兴业银行,业绩预告
600829,人民同泰,人事变动
600829,人民同泰,业绩预告
600823,*ST世茂,立案/处罚
600594,益佰制药,人事变动
600594,益佰制药,分红/增持/回购
600594,益佰制药,业绩预告
600594,益佰制药,立案/处罚
600373,中文传媒,人事变动
600373,中文传媒,业绩预告
600256,广汇能源,业绩预告
600256,广汇能源,分红/增持/回购
600256,广汇能源,质押/解押
600256,广汇能源,人事变动
600241,时代万恒,业绩预告
600184,光电股份,业绩预告
600176,中国巨石,业绩预告
600176,中国巨石,破产重整
600176,中国巨石,分红/增持/回购
600081,东风科技,业绩预告
600081,东风科技,分红/增持/回购
600081,东风科技,人事变动
600030,中信证券,业绩预告
600030,中信证券,分红/增持/回购
600022,山东钢铁,破产重整
600022,山东钢铁,分红/增持/回购
600022,山东钢铁,业绩预告
301567,贝隆精密,人事变动
301567,贝隆精密,破产重整
301449,天溯计量,破产重整
301439,泓淋电力,分红/增持/回购
301439,泓淋电力,人事变动
301299,卓创资讯,分红/增持/回购
301286,侨源股份,人事变动
301286,侨源股份,破产重整
301277,新天地,业绩预告
301223,中荣股份,分红/增持/回购
301223,中荣股份,破产重整
301219,腾远钴业,分红/增持/回购
301171,易点天下,出售/转让
301171,易点天下,破产重整
301051,信濠光电,立案/处罚
301051,信濠光电,并购重组
301051,信濠光电,人事变动
300927,江天化学,人事变动
300868,杰美特,破产重整
300759,康龙化成,分红/增持/回购
300759,康龙化成,业绩预告
300759,康龙化成,质押/解押
300284,苏交科,质押/解押
300284,苏交科,分红/增持/回购
300257,开山股份,质押/解押
300199,翰宇药业,质押/解押
300199,翰宇药业,业绩预告
300199,翰宇药业,破产重整
300141,和顺电气,人事变动
300141,和顺电气,破产重整
300037,新宙邦,业绩预告
300037,新宙邦,分红/增持/回购
002922,伊戈尔,并购重组
002829,星网宇达,业绩预告
002829,星网宇达,澄清/辟谣
002829,星网宇达,破产重整
002807,江阴银行,人事变动
002807,江阴银行,分红/增持/回购
002802,洪汇新材,人事变动
002802,洪汇新材,分红/增持/回购
002758,浙农股份,分红/增持/回购
002758,浙农股份,人事变动
002749,国光股份,分红/增持/回购
002686,亿利达,分红/增持/回购
002686,亿利达,业绩预告
002686,亿利达,出售/转让
002589,瑞康医药,分红/增持/回购
002589,瑞康医药,人事变动
002589,瑞康医药,破产重整
002529,海源复材,业绩预告
002529,海源复材,重大诉讼
002469,三维化学,业绩预告
002469,三维化学,分红/增持/回购
002394,联发股份,业绩预告
002394,联发股份,破产重整
002303,美盈森,重大诉讼
002303,美盈森,分红/增持/回购
002299,圣农发展,分红/增持/回购
002299,圣农发展,人事变动
002290,禾盛新材,人事变动
002290,禾盛新材,破产重整
002114,罗平锌电,立案/处罚
002114,罗平锌电,业绩预告
002114,罗平锌电,人事变动
002057,中钢天源,业绩预告
002057,中钢天源,分红/增持/回购
002057,中钢天源,破产重整
001259,利仁科技,人事变动
001219,青岛食品,分红/增持/回购
001219,青岛食品,破产重整
000998,隆平高科,破产重整
000998,隆平高科,业绩预告
000998,隆平高科,人事变动
000998,隆平高科,并购重组
000955,欣龙控股,业绩预告
000955,欣龙控股,重大诉讼
000922,佳电股份,业绩预告
000922,佳电股份,人事变动
000869,张裕A,分红/增持/回购
000869,张裕A,人事变动
000869,张裕A,破产重整
000729,燕京啤酒,业绩预告
000729,燕京啤酒,分红/增持/回购
000651,格力电器,质押/解押
000651,格力电器,分红/增持/回购
000636,风华高科,分红/增持/回购
000636,风华高科,业绩预告
000636,风华高科,人事变动
000589,贵州轮胎,质押/解押
000536,华映科技,出售/转让
000536,华映科技,重大诉讼
000536,华映科技,业绩预告
000536,华映科技,破产重整
000536,华映科技,立案/处罚
000534,万泽股份,人事变动
000532,华金资本,分红/增持/回购
000532,华金资本,出售/转让
000521,长虹美菱,业绩预告
000521,长虹美菱,出售/转让
000521,长虹美菱,破产重整
000521,长虹美菱,分红/增持/回购
000156,华数传媒,破产重整
000156,华数传媒,业绩预告
000156,华数传媒,分红/增持/回购
920895,花溪科技,破产重整
920012,创达新材,分红/增持/回购
920012,创达新材,破产重整
688820,盛合晶微,业绩预告
688798,艾为电子,业绩预告
688677,海泰新光,分红/增持/回购
688677,海泰新光,业绩预告
688665,四方光电,业绩预告
688536,思瑞浦,业绩预告
688290,景业智能,人事变动
688290,景业智能,业绩预告
688290,景业智能,破产重整
603909,建发合诚,业绩预告
603855,华荣股份,分红/增持/回购
603855,华荣股份,出售/转让
603855,华荣股份,业绩预告
603806,福斯特,出售/转让
603806,福斯特,业绩预告
603806,福斯特,分红/增持/回购
603650,彤程新材,业绩预告
603579,荣泰健康,人事变动
603579,荣泰健康,业绩预告
603519,立霸股份,出售/转让
603519,立霸股份,分红/增持/回购
603519,立霸股份,业绩预告
603519,立霸股份,人事变动
603392,万泰生物,人事变动
603392,万泰生物,业绩预告
603383,顶点软件,业绩预告
603113,金能科技,业绩预告
601899,紫金矿业,业绩预告
601899,紫金矿业,分红/增持/回购
601899,紫金矿业,并购重组
601877,正泰电器,分红/增持/回购
601339,百隆东方,业绩预告
601339,百隆东方,破产重整
601339,百隆东方,分红/增持/回购
601138,工业富联,破产重整
601138,工业富联,业绩预告
601138,工业富联,分红/增持/回购
601127,赛力斯,业绩预告
601127,赛力斯,分红/增持/回购
601127,赛力斯,破产重整
600919,江苏银行,分红/增持/回购
600919,江苏银行,人事变动
600919,江苏银行,破产重整
600919,江苏银行,业绩预告
600895,张江高科,人事变动
600895,张江高科,破产重整
600895,张江高科,分红/增持/回购
600795,国电电力,分红/增持/回购
600795,国电电力,并购重组
600726,华电能源,破产重整
600726,华电能源,人事变动
600726,华电能源,业绩预告
600511,国药股份,出售/转让
600305,恒顺醋业,分红/增持/回购
600305,恒顺醋业,人事变动
600305,恒顺醋业,破产重整
600111,北方稀土,破产重整
600111,北方稀土,业绩预告
600105,永鼎股份,质押/解押
600105,永鼎股份,业绩预告
600105,永鼎股份,分红/增持/回购
301371,敷尔佳,业绩预告
301091,深城交,人事变动
301028,鼎熔岩,分红/增持/回购
300748,金力永磁,破产重整
300748,金力永磁,业绩预告
300748,金力永磁,分红/增持/回购
300738,奥飞数据,分红/增持/回购
300738,奥飞数据,出售/转让
300738,奥飞数据,人事变动
300738,奥飞数据,破产重整
300738,奥飞数据,质押/解押
300610,晨化股份,分红/增持/回购
300610,晨化股份,人事变动
300610,晨化股份,破产重整
300403,汉宇集团,质押/解押
300403,汉宇集团,分红/增持/回购
300246,宝莱特,并购重组
300246,宝莱特,分红/增持/回购
300012,华测检测,业绩预告
300012,华测检测,分红/增持/回购
002644,佛慈制药,分红/增持/回购
002496,辉丰股份,业绩预告
002496,辉丰股份,立案/处罚
002271,东方雨虹,并购重组
002271,东方雨虹,破产重整
002271,东方雨虹,出售/转让
002142,宁波银行,分红/增持/回购
002056,横店东磁,分红/增持/回购
001221,悍高集团,分红/增持/回购
000993,闽东电力,人事变动
000993,闽东电力,破产重整
000993,闽东电力,业绩预告
000993,闽东电力,分红/增持/回购
000993,闽东电力,重大诉讼
000960,锡业股份,业绩预告
000960,锡业股份,人事变动
000828,东莞控股,破产重整
000828,东莞控股,分红/增持/回购
000738,航发控制,人事变动
000738,航发控制,破产重整
000718,苏宁环球,业绩预告
000718,苏宁环球,人事变动
000718,苏宁环球,破产重整
000715,中兴商业,质押/解押
000568,泸州老窖,分红/增持/回购
000059,华锦股份,业绩预告
000059,华锦股份,破产重整
000009,中国宝安,质押/解押
000009,中国宝安,业绩预告
000009,中国宝安,分红/增持/回购
920856,浩淼科技,破产重整
920856,浩淼科技,人事变动
920419,路斯股份,破产重整
920179,凯德石英,出售/转让
920179,凯德石英,分红/增持/回购
920179,凯德石英,破产重整
920093,信胜科技,破产重整
920093,信胜科技,出售/转让
920050,爱伦医疗,出售/转让
874573,信胜科技,破产重整
874573,信胜科技,出售/转让
688568,中科星图,业绩预告
688484,南芯科技,业绩预告
605358,立昂微,分红/增持/回购
605358,立昂微,业绩预告
603713,密尔克卫,业绩预告
603713,密尔克卫,破产重整
603558,健盛集团,分红/增持/回购
603317,天味食品,业绩预告
603317,天味食品,破产重整
603290,斯达半导,破产重整
603290,斯达半导,业绩预告
603227,雪峰科技,业绩预告
601666,平煤股份,分红/增持/回购
601666,平煤股份,破产重整
601666,平煤股份,业绩预告
601211,国泰海通,并购重组
601211,国泰海通,业绩预告
601211,国泰海通,人事变动
601211,国泰海通,分红/增持/回购
601101,昊华能源,业绩预告
601101,昊华能源,分红/增持/回购
601066,中信建投,业绩预告
601066,中信建投,人事变动
601066,中信建投,分红/增持/回购
600266,城建发展,分红/增持/回购
600266,城建发展,业绩预告
600246,万通发展,质押/解押
600246,万通发展,破产重整
600246,万通发展,澄清/辟谣
600246,万通发展,业绩预告
600050,中国联通,人事变动
600050,中国联通,破产重整
301696,三瑞智能,业绩预告
301696,三瑞智能,人事变动
301696,三瑞智能,破产重整
301696,三瑞智能,分红/增持/回购
301069,凯盛新材,分红/增持/回购
301057,汇隆新材,人事变动
301057,汇隆新材,破产重整
301045,天禄科技,重大诉讼
301045,天禄科技,质押/解押
301007,德迈仕,人事变动
300855,图南股份,分红/增持/回购
300637,扬帆新材,质押/解押
300637,扬帆新材,分红/增持/回购
300401,花园生物,人事变动
300401,花园生物,质押/解押
300070,碧水源,人事变动
003015,日久光电,破产重整
003015,日久光电,分红/增持/回购
002887,绿茵生态,重大诉讼
002486,嘉麟杰,破产重整
002486,嘉麟杰,出售/转让
002235,安妮股份,破产重整
002235,安妮股份,出售/转让
002235,安妮股份,质押/解押
002126,银轮股份,分红/增持/回购
002126,银轮股份,人事变动
002126,银轮股份,破产重整
001301,尚太科技,分红/增持/回购
001301,尚太科技,人事变动
001301,尚太科技,破产重整
001205,盛航股份,重大诉讼
001205,盛航股份,分红/增持/回购
000902,新洋丰,立案/处罚
000902,新洋丰,分红/增持/回购
920438,戈碧迦,分红/增持/回购
920438,戈碧迦,立案/处罚
688656,浩欧博,人事变动
688656,浩欧博,破产重整
688656,浩欧博,业绩预告
688545,兴福电子,业绩预告
688522,纳睿雷达,业绩预告
688521,芯原股份,业绩预告
688385,复旦微电,出售/转让
688385,复旦微电,分红/增持/回购
688385,复旦微电,业绩预告
688260,昀冢科技,业绩预告
688258,卓易信息,分红/增持/回购
688188,柏楚电子,分红/增持/回购
688182,灿勤科技,人事变动
688182,灿勤科技,立案/处罚
688182,灿勤科技,业绩预告
688112,鼎阳科技,业绩预告
603838,*ST四通,业绩预告
603838,*ST四通,人事变动
603369,今世缘,业绩预告
603309,维力医疗,人事变动
603309,维力医疗,业绩预告
603309,维力医疗,破产重整
603129,春风动力,业绩预告
603093,南华期货,分红/增持/回购
603093,南华期货,业绩预告
601112,振石股份,破产重整
601112,振石股份,人事变动
600976,健民集团,业绩预告
600754,锦江酒店,出售/转让
600620,天宸股份,质押/解押
600620,天宸股份,分红/增持/回购
600563,法拉电子,人事变动
600444,国机通用,分红/增持/回购
600444,国机通用,立案/处罚
600212,绿能慧充,出售/转让
600212,绿能慧充,业绩预告
600212,绿能慧充,质押/解押
600106,重庆路桥,人事变动
600106,重庆路桥,分红/增持/回购
600106,重庆路桥,业绩预告
600099,林海股份,分红/增持/回购
600099,林海股份,立案/处罚
301580,爱迪特,业绩预告
301391,卡莱特,分红/增持/回购
301326,捷邦科技,质押/解押
301100,风光股份,并购重组
301025,读客文化,破产重整
300580,贝斯特,人事变动
300580,贝斯特,破产重整
300580,贝斯特,分红/增持/回购
300420,五洋自控,并购重组
300420,五洋自控,出售/转让
300420,五洋自控,质押/解押
300058,蓝色光标,出售/转让
002932,*ST明德,并购重组
002932,*ST明德,破产重整
002932,*ST明德,出售/转让
002932,*ST明德,业绩预告
002846,英联股份,业绩预告
002846,英联股份,并购重组
002803,吉宏股份,业绩预告
002803,吉宏股份,分红/增持/回购
002668,TCL智家,业绩预告
002664,信质集团,出售/转让
002470,金正大,业绩预告
002470,金正大,重大诉讼
002407,多氟多,业绩预告
002407,多氟多,立案/处罚
002407,多氟多,出售/转让
002404,嘉欣丝绸,人事变动
002404,嘉欣丝绸,破产重整
002382,蓝帆医疗,出售/转让
002382,蓝帆医疗,业绩预告
002317,众生药业,并购重组
002193,ST如意,业绩预告
002193,ST如意,人事变动
002193,ST如意,破产重整
002021,中捷资源,业绩预告
002021,中捷资源,出售/转让
002021,中捷资源,人事变动
002021,中捷资源,破产重整
001231,农心科技,分红/增持/回购
000887,中鼎股份,人事变动
000887,中鼎股份,澄清/辟谣
000887,中鼎股份,破产重整
000551,创元科技,人事变动
000551,创元科技,分红/增持/回购
000551,创元科技,重大诉讼
000551,创元科技,破产重整
000551,创元科技,业绩预告
000153,丰原药业,出售/转让
000028,国药一致,业绩预告
920418,苏轴股份,破产重整
920375,派诺科技,出售/转让
920375,派诺科技,破产重整
920059,双英集团,分红/增持/回购
920059,双英集团,破产重整
920059,双英集团,出售/转让
874617,双英集团,分红/增持/回购
874617,双英集团,破产重整
874617,双英集团,出售/转让
688380,中微半导,业绩预告
603766,隆鑫通用,业绩预告
603181,皇马科技,业绩预告
600477,杭萧钢构,质押/解押
600477,杭萧钢构,分红/增持/回购
301501,恒鑫生活,分红/增持/回购
301058,中粮科工,重大诉讼
300824,北鼎股份,分红/增持/回购
300725,药石科技,分红/增持/回购
300422,博世科,质押/解押
300422,博世科,重大诉讼
300415,伊之密,质押/解押
002389,航天彩虹,业绩预告
002389,航天彩虹,人事变动
002072,凯瑞德,业绩预告
002072,凯瑞德,破产重整
002072,凯瑞德,人事变动
688699,明微电子,分红/增持/回购
688657,浩辰软件,分红/增持/回购
688657,浩辰软件,业绩预告
688628,优利德,分红/增持/回购
688628,优利德,并购重组
688628,优利德,业绩预告
688599,天合光能,业绩预告
688599,天合光能,出售/转让
688183,生益电子,业绩预告
688181,八亿时空,业绩预告
688137,近岸蛋白,业绩预告
688127,蓝特光学,业绩预告
688123,聚辰股份,业绩预告
688123,聚辰股份,破产重整
688083,中望软件,分红/增持/回购
688083,中望软件,业绩预告
688083,中望软件,破产重整
688066,*ST航图,质押/解押
688066,*ST航图,重大诉讼
688066,*ST航图,立案/处罚
605088,冠盛股份,业绩预告
603912,佳力图,质押/解押
603912,佳力图,业绩预告
603682,锦和商管,质押/解押
603682,锦和商管,业绩预告
603682,锦和商管,重大诉讼
603659,璞泰来,质押/解押
603659,璞泰来,业绩预告
603659,璞泰来,分红/增持/回购
603619,中曼石油,业绩预告
603619,中曼石油,并购重组
603119,浙江荣泰,业绩预告
603085,天成自控,人事变动
603085,天成自控,业绩预告
603085,天成自控,质押/解押
603080,新疆火炬,人事变动
603080,新疆火炬,业绩预告
603053,成都燃气,分红/增持/回购
603053,成都燃气,业绩预告
603053,成都燃气,人事变动
601168,西部矿业,出售/转让
601168,西部矿业,人事变动
601168,西部矿业,业绩预告
601168,西部矿业,破产重整
600873,梅花生物,分红/增持/回购
600873,梅花生物,业绩预告
600794,保税科技,业绩预告
600770,综艺股份,业绩预告
600770,综艺股份,分红/增持/回购
600770,综艺股份,质押/解押
600661,昂立教育,业绩预告
600661,昂立教育,分红/增持/回购
600519,贵州茅台,业绩预告
600395,盘江股份,业绩预告
600395,盘江股份,人事变动
600395,盘江股份,破产重整
600395,盘江股份,分红/增持/回购
600386,北巴传媒,人事变动
600386,北巴传媒,破产重整
600386,北巴传媒,业绩预告
600386,北巴传媒,重大诉讼
600206,有研新材,出售/转让
600206,有研新材,分红/增持/回购
600206,有研新材,业绩预告
301282,金禄电子,业绩预告
301282,金禄电子,破产重整
301282,金禄电子,人事变动
301218,华是科技,质押/解押
301218,华是科技,并购重组
300976,达瑞电子,并购重组
300797,钢研纳克,分红/增持/回购
300797,钢研纳克,破产重整
300593,新雷能,立案/处罚
300228,富瑞特装,破产重整
002876,三利谱,业绩预告
002876,三利谱,人事变动
002876,三利谱,破产重整
002772,众兴菌业,业绩预告
002772,众兴菌业,分红/增持/回购
002752,昇兴股份,业绩预告
002752,昇兴股份,并购重组
002396,星网锐捷,业绩预告
002396,星网锐捷,并购重组
002307,北新路桥,业绩预告
002307,北新路桥,人事变动
002238,天威视讯,业绩预告
002238,天威视讯,破产重整
002197,证通电子,质押/解押
002197,证通电子,业绩预告
002197,证通电子,重大诉讼
002116,中国海诚,人事变动
002116,中国海诚,破产重整
000803,山高环能,业绩预告
000803,山高环能,重大诉讼
000407,胜利股份,分红/增持/回购
000407,胜利股份,并购重组
920510,丰光精密,并购重组
920510,丰光精密,破产重整
920149,旭杰科技,重大诉讼
688065,凯赛生物,重大诉讼
688065,凯赛生物,分红/增持/回购
688065,凯赛生物,业绩预告
605033,美邦股份,业绩预告
603920,世运电路,业绩预告
603920,世运电路,分红/增持/回购
603615,茶花股份,业绩预告
603396,金辰股份,破产重整
603396,金辰股份,质押/解押
603256,宏和科技,业绩预告
601608,中信重工,人事变动
601608,中信重工,分红/增持/回购
601608,中信重工,业绩预告
600793,宜宾纸业,并购重组
600793,宜宾纸业,业绩预告
600793,宜宾纸业,人事变动
600569,安阳钢铁,立案/处罚
600569,安阳钢铁,并购重组
600569,安阳钢铁,破产重整
600569,安阳钢铁,业绩预告
600569,安阳钢铁,出售/转让
600172,黄河旋风,质押/解押
600172,黄河旋风,业绩预告
301529,福赛科技,人事变动
301529,福赛科技,质押/解押
301529,福赛科技,破产重整
301429,森泰股份,分红/增持/回购
301348,蓝箭电子,并购重组
301003,江苏博云,出售/转让
301003,江苏博云,分红/增持/回购
300916,朗特智能,人事变动
300916,朗特智能,业绩预告
300905,宝丽迪,并购重组
300872,天阳科技,质押/解押
300627,华测导航,质押/解押
300627,华测导航,分红/增持/回购
300627,华测导航,破产重整
300560,中富通,质押/解押
300560,中富通,破产重整
300368,汇金股份,质押/解押
300368,汇金股份,并购重组
300368,汇金股份,人事变动
300204,舒泰神,破产重整
300204,舒泰神,人事变动
300163,先锋新材,人事变动
300163,先锋新材,立案/处罚
300008,天海防务,立案/处罚
300008,天海防务,分红/增持/回购
300008,天海防务,重大诉讼
300008,天海防务,质押/解押
300008,天海防务,并购重组
002909,集泰股份,质押/解押
002909,集泰股份,业绩预告
002774,快意电梯,出售/转让
002774,快意电梯,质押/解押
002590,万安科技,质押/解押
002588,史丹利,质押/解押
002350,北京科锐,质押/解押
002350,北京科锐,业绩预告
002350,北京科锐,分红/增持/回购
002350,北京科锐,并购重组
002342,巨力索具,立案/处罚
002342,巨力索具,人事变动
002342,巨力索具,澄清/辟谣
002342,巨力索具,质押/解押
002342,巨力索具,破产重整
002259,升达林业,澄清/辟谣
002259,升达林业,重大诉讼
002134,天津普林,业绩预告
002134,天津普林,人事变动
002134,天津普林,破产重整
000601,韶能股份,业绩预告
000601,韶能股份,分红/增持/回购
000007,全新好,业绩预告
000007,全新好,人事变动
920726,朱老六,分红/增持/回购
920726,朱老六,破产重整
874627,恒兴股份,出售/转让
688636,智明达,破产重整
688636,智明达,出售/转让
688636,智明达,业绩预告
688321,微芯生物,业绩预告
688276,百克生物,业绩预告
605001,威奥股份,业绩预告
605001,威奥股份,立案/处罚
605001,威奥股份,质押/解押
603815,交建股份,重大诉讼
603530,神马电力,分红/增持/回购
603530,神马电力,破产重整
603530,神马电力,业绩预告
600746,江苏索普,破产重整
600746,江苏索普,业绩预告
600746,江苏索普,分红/增持/回购
600298,安琪酵母,破产重整
600298,安琪酵母,业绩预告
301013,利和兴,人事变动
300943,春晖智控,并购重组
300911,亿田智能,并购重组
300568,星源材质,并购重组
300437,清水源,出售/转让
300353,东土科技,质押/解押
300322,硕贝德,业绩预告
300322,硕贝德,立案/处罚
300322,硕贝德,分红/增持/回购
300047,天源迪科,破产重整
300047,天源迪科,人事变动
002942,新农股份,人事变动
002627,三峡旅游,业绩预告
002627,三峡旅游,出售/转让
002627,三峡旅游,分红/增持/回购
002627,三峡旅游,人事变动
002344,海宁皮城,分红/增持/回购
002344,海宁皮城,并购重组
002182,宝武镁业,业绩预告
002182,宝武镁业,出售/转让
000831,中国稀土,分红/增持/回购
000831,中国稀土,业绩预告
000786,北新建材,业绩预告
000668,荣丰控股,分红/增持/回购
000668,荣丰控股,业绩预告
000668,荣丰控股,人事变动
605069,正和生态,质押/解押
605069,正和生态,业绩预告
603995,甬金股份,分红/增持/回购
603995,甬金股份,重大诉讼
603995,甬金股份,业绩预告
603903,中持股份,出售/转让
603903,中持股份,质押/解押
600583,海油工程,破产重整
600583,海油工程,分红/增持/回购
600583,海油工程,业绩预告
600495,晋西车轴,分红/增持/回购
600495,晋西车轴,业绩预告
600371,万向德农,人事变动
600371,万向德农,业绩预告
600285,羚锐制药,质押/解押
600285,羚锐制药,业绩预告
301128,强瑞技术,分红/增持/回购
301128,强瑞技术,立案/处罚
300826,测绘股份,重大诉讼
300826,测绘股份,破产重整
300476,胜宏科技,澄清/辟谣
300476,胜宏科技,质押/解押
300402,宝色股份,分红/增持/回购
002919,名臣健康,业绩预告
002919,名臣健康,质押/解押
002777,久远银海,破产重整
002777,久远银海,人事变动
002372,伟星新材,分红/增持/回购
002372,伟星新材,并购重组
002232,启明信息,人事变动
002107,沃华医药,业绩预告
002107,沃华医药,分红/增持/回购
000709,河钢股份,分红/增持/回购
000709,河钢股份,破产重整
000670,盈方微,并购重组
000670,盈方微,人事变动
000670,盈方微,业绩预告
000670,盈方微,出售/转让
000557,西部创业,重大诉讼
000557,西部创业,分红/增持/回购
000557,西部创业,业绩预告
000557,西部创业,破产重整
000422,湖北宜化,业绩预告
000422,湖北宜化,分红/增持/回购
000096,广聚能源,业绩预告
000096,广聚能源,分红/增持/回购
000027,深圳能源,破产重整
000027,深圳能源,人事变动
920116,星图测控,立案/处罚
920116,星图测控,破产重整
688571,杭华股份,出售/转让
688469,芯联集成,出售/转让
688469,芯联集成,质押/解押
688469,芯联集成,业绩预告
688469,芯联集成,破产重整
688313,仕佳光子,质押/解押
688313,仕佳光子,并购重组
688313,仕佳光子,分红/增持/回购
688313,仕佳光子,立案/处罚
688313,仕佳光子,破产重整
688313,仕佳光子,业绩预告
688265,南模生物,分红/增持/回购
688265,南模生物,人事变动
688265,南模生物,业绩预告
688230,芯导科技,并购重组
688148,芳源股份,业绩预告
688061,灿瑞科技,分红/增持/回购
688061,灿瑞科技,人事变动
603869,ST智知,分红/增持/回购
603869,ST智知,人事变动
603196,璞源材料,业绩预告
600966,博汇纸业,质押/解押
600966,博汇纸业,分红/增持/回购
600599,退市熊猫,退市风险
600599,退市熊猫,立案/处罚
600293,三峡新材,业绩预告
600293,三峡新材,人事变动
600293,三峡新材,破产重整
600157,永泰能源,人事变动
600066,宇通客车,业绩预告
301408,华人健康,质押/解押
301408,华人健康,分红/增持/回购
301408,华人健康,立案/处罚
301392,汇成真空,立案/处罚
301392,汇成真空,并购重组
301141,中科磁业,质押/解押
301141,中科磁业,立案/处罚
300906,日月明,分红/增持/回购
300762,上海瀚讯,破产重整
300418,昆仑万维,人事变动
300418,昆仑万维,破产重整
300418,昆仑万维,出售/转让
300405,科隆股份,重大诉讼
300405,科隆股份,质押/解押
300271,华宇软件,质押/解押
300271,华宇软件,立案/处罚
300271,华宇软件,业绩预告
300271,华宇软件,破产重整
300220,金运激光,重大诉讼
002145,钛能化学,业绩预告
002145,钛能化学,分红/增持/回购
002103,广博股份,质押/解押
001313,粤海饲料,质押/解押
001313,粤海饲料,业绩预告
001207,联科科技,出售/转让
001207,联科科技,分红/增持/回购
000927,中国铁物,人事变动
920427,华维设计,分红/增持/回购
920111,聚星科技,破产重整
874500,杰理科技,出售/转让
301173,毓恬冠佳,分红/增持/回购
301148,嘉戎技术,并购重组
301018,申菱环境,并购重组
300990,同飞股份,人事变动
300990,同飞股份,破产重整
300804,广康生化,人事变动
300731,科创新源,并购重组
300731,科创新源,立案/处罚
300731,科创新源,分红/增持/回购
300731,科创新源,质押/解押
300619,金银河,质押/解押
300455,航天智装,破产重整
300359,全通教育,质押/解押
300359,全通教育,破产重整
002246,北化股份,业绩预告
002246,北化股份,人事变动
688631,莱斯信息,人事变动
688631,莱斯信息,破产重整
688505,复旦张江,业绩预告
688130,晶华微,分红/增持/回购
600734,*ST实达,业绩预告
600734,*ST实达,人事变动
600734,*ST实达,立案/处罚
600433,冠豪高新,人事变动
600433,冠豪高新,业绩预告
301273,瑞晨环保,人事变动
002759,ST天际,立案/处罚
002759,ST天际,业绩预告
002759,ST天际,退市风险
002708,光洋股份,并购重组
002403,爱仕达,业绩预告
002403,爱仕达,质押/解押
002392,北京利尔,分红/增持/回购
002392,北京利尔,业绩预告
002392,北京利尔,并购重组
000813,德展健康,质押/解押
000813,德展健康,业绩预告
000537,绿发电力,业绩预告
000537,绿发电力,分红/增持/回购
000537,绿发电力,破产重整
920522,纳科诺尔,破产重整
920125,鸿仕达,业绩预告
920125,鸿仕达,分红/增持/回购
920100,三协电机,人事变动
874687,珈凯生物,出售/转让
688707,振华新材,破产重整
603648,畅联股份,出售/转让
603648,畅联股份,人事变动
603648,畅联股份,分红/增持/回购
603586,金麒麟,业绩预告
603350,安乃达,破产重整
603339,四方科技,分红/增持/回购
603339,四方科技,业绩预告
600824,益民集团,业绩预告
600824,益民集团,分红/增持/回购
600739,辽宁成大,业绩预告
600739,辽宁成大,分红/增持/回购
600405,动力源,并购重组
600405,动力源,出售/转让
600405,动力源,业绩预告
600405,动力源,人事变动
600405,动力源,破产重整
600272,开开实业,分红/增持/回购
600272,开开实业,业绩预告
600272,开开实业,并购重组
600265,*ST景谷,破产重整
600265,*ST景谷,人事变动
600265,*ST景谷,业绩预告
600265,*ST景谷,重大诉讼
301448,开创电气,质押/解押
301292,海科新源,分红/增持/回购
301292,海科新源,人事变动
301292,海科新源,破产重整
300812,易天股份,重大诉讼
300727,润禾材料,分红/增持/回购
300531,优博讯,业绩预告
300531,优博讯,分红/增持/回购
300531,优博讯,质押/解押
300342,天银机电,人事变动
300342,天银机电,破产重整
300279,和晶科技,重大诉讼
300183,东软载波,分红/增持/回购
300050,世纪鼎利,重大诉讼
300013,新宁物流,人事变动
300013,新宁物流,出售/转让
002899,英派斯,分红/增持/回购
002899,英派斯,质押/解押
002899,英派斯,人事变动
002792,通宇通讯,业绩预告
002792,通宇通讯,出售/转让
002792,通宇通讯,澄清/辟谣
002696,百洋股份,业绩预告
002696,百洋股份,人事变动
002696,百洋股份,破产重整
002625,光启技术,分红/增持/回购
002625,光启技术,业绩预告
002625,光启技术,人事变动
002213,大为股份,破产重整
002213,大为股份,业绩预告
001395,亚联机械,业绩预告
001395,亚联机械,破产重整
001395,亚联机械,出售/转让
000650,仁和药业,分红/增持/回购
000029,深深房A,业绩预告
000029,深深房A,破产重整
000012,南玻A,业绩预告
000012,南玻A,分红/增持/回购
000012,南玻A,重大诉讼
920392,佳合科技,破产重整
920392,佳合科技,分红/增持/回购
920076,国亮新材,分红/增持/回购
688391,钜泉科技,破产重整
688176,亚虹医药,重大诉讼
603096,新经典,业绩预告
600812,华北制药,破产重整
600381,*ST春天,业绩预告
600381,*ST春天,质押/解押
600278,东方创业,分红/增持/回购
600191,华资实业,人事变动
600191,华资实业,破产重整
600191,华资实业,业绩预告
301248,杰创智能,立案/处罚
301248,杰创智能,分红/增持/回购
301248,杰创智能,业绩预告
301103,何氏眼科,人事变动
301103,何氏眼科,破产重整
300506,名家汇,重大诉讼
300506,名家汇,出售/转让
300482,万孚生物,分红/增持/回购
300125,聆达股份,退市风险
300125,聆达股份,立案/处罚
300053,航宇微,人事变动
002923,润都股份,质押/解押
002923,润都股份,业绩预告
002693,双成药业,破产重整
002693,双成药业,业绩预告
002524,光正眼科,并购重组
002524,光正眼科,重大诉讼
002375,亚厦股份,分红/增持/回购
002375,亚厦股份,质押/解押
002243,力合科创,人事变动
000710,贝瑞基因,业绩预告
000710,贝瑞基因,人事变动
000710,贝瑞基因,破产重整
920159,农大科技,分红/增持/回购
688573,信宇人,质押/解押
688573,信宇人,分红/增持/回购
688573,信宇人,人事变动
688256,寒武纪,业绩预告
603729,ST龙韵,质押/解押
603729,ST龙韵,出售/转让
603729,ST龙韵,业绩预告
603606,东方电缆,业绩预告
600802,福建水泥,业绩预告
600802,福建水泥,人事变动
600595,中孚实业,业绩预告
600595,中孚实业,并购重组
600329,达仁堂,破产重整
600329,达仁堂,分红/增持/回购
600329,达仁堂,业绩预告
301616,浙江华业,人事变动
300879,大叶股份,分红/增持/回购
300792,壹网壹创,并购重组
300736,百邦科技,人事变动
300736,百邦科技,破产重整
300408,三环集团,出售/转让
300408,三环集团,人事变动
300408,三环集团,分红/增持/回购
300408,三环集团,业绩预告
300408,三环集团,破产重整
002933,新兴装备,业绩预告
002622,皓宸医疗,重大诉讼
002622,皓宸医疗,业绩预告
002622,皓宸医疗,出售/转让
002398,垒知集团,分红/增持/回购
002398,垒知集团,人事变动
002253,川大智胜,退市风险
002253,川大智胜,业绩预告
002253,川大智胜,质押/解押
002161,远望谷,分红/增持/回购
002161,远望谷,业绩预告
002150,正泰电源,分红/增持/回购
002150,正泰电源,出售/转让
002029,七匹狼,业绩预告
002029,七匹狼,分红/增持/回购
002011,盾安环境,分红/增持/回购
000970,中科三环,业绩预告
000970,中科三环,并购重组
000906,浙商中拓,重大诉讼
688712,北芯生命,破产重整
688683,莱尔科技,分红/增持/回购
688683,莱尔科技,立案/处罚
688328,深科达,业绩预告
688328,深科达,分红/增持/回购
603813,原尚股份,出售/转让
603813,原尚股份,业绩预告
603813,原尚股份,重大诉讼
601956,东贝集团,分红/增持/回购
601956,东贝集团,业绩预告
600838,上海九百,分红/增持/回购
600819,耀皮玻璃,人事变动
600819,耀皮玻璃,分红/增持/回购
600819,耀皮玻璃,业绩预告
600663,陆家嘴,并购重组
600663,陆家嘴,出售/转让
301566,达利凯普,人事变动
301566,达利凯普,破产重整
300996,普联软件,人事变动
300996,普联软件,并购重组
300996,普联软件,出售/转让
300996,普联软件,破产重整
300948,冠中生态,人事变动
300948,冠中生态,破产重整
300311,任子行,退市风险
002881,美格智能,并购重组
002881,美格智能,分红/增持/回购
002881,美格智能,质押/解押
002842,翔鹭钨业,质押/解押
002842,翔鹭钨业,业绩预告
002824,和胜股份,质押/解押
002824,和胜股份,业绩预告
002800,天顺股份,业绩预告
002800,天顺股份,质押/解押
002800,天顺股份,重大诉讼
002768,国恩股份,业绩预告
002768,国恩股份,分红/增持/回购
002706,良信股份,质押/解押
002611,东方精工,分红/增持/回购
002611,东方精工,业绩预告
002173,创新医疗,分红/增持/回购
002173,创新医疗,业绩预告
002165,红宝丽,质押/解押
002165,红宝丽,业绩预告
002165,红宝丽,破产重整
002129,TCL中环,业绩预告
002129,TCL中环,人事变动
002129,TCL中环,分红/增持/回购
001333,光华股份,分红/增持/回购
001333,光华股份,人事变动
001333,光华股份,破产重整
000637,茂化实华,业绩预告
000637,茂化实华,重大诉讼
000560,我爱我家,破产重整
000560,我爱我家,质押/解押
000560,我爱我家,人事变动
920703,广厦环能,分红/增持/回购
920689,克莱特,分红/增持/回购
920163,方大新材,分红/增持/回购
920057,百甲科技,重大诉讼
920057,百甲科技,分红/增持/回购
920057,百甲科技,质押/解押
874287,森合高科,破产重整
874287,森合高科,出售/转让
603155,新亚强,人事变动
603155,新亚强,分红/增持/回购
603155,新亚强,业绩预告
600010,包钢股份,破产重整
600010,包钢股份,人事变动
600010,包钢股份,业绩预告
600010,包钢股份,立案/处罚
301160,翔楼新材,破产重整
300847,中船汉光,质押/解押
300319,麦捷科技,人事变动
300319,麦捷科技,破产重整
002601,龙佰集团,质押/解押
002601,龙佰集团,破产重整
002295,精艺股份,破产重整
002295,精艺股份,业绩预告
002295,精艺股份,重大诉讼
001217,华尔泰,业绩预告
688090,瑞松科技,分红/增持/回购
688090,瑞松科技,出售/转让
600611,大众交通,分红/增持/回购
600611,大众交通,业绩预告
600611,大众交通,人事变动
301588,美新科技,人事变动
301588,美新科技,分红/增持/回购
301588,美新科技,质押/解押
301588,美新科技,立案/处罚
301583,托伦斯,破产重整
300404,博济医药,破产重整
300404,博济医药,人事变动
300098,高新兴,人事变动
300098,高新兴,破产重整
002939,长城证券,破产重整
002939,长城证券,分红/增持/回购
002939,长城证券,人事变动
002902,铭普光磁,业绩预告
002902,铭普光磁,立案/处罚
002902,铭普光磁,破产重整
002902,铭普光磁,分红/增持/回购
002902,铭普光磁,人事变动
002538,ST司特,立案/处罚
002536,飞龙股份,业绩预告
002536,飞龙股份,破产重整
002536,飞龙股份,立案/处罚
002183,怡亚通,出售/转让
002044,美年健康,并购重组
002044,美年健康,分红/增持/回购
002044,美年健康,业绩预告
002044,美年健康,人事变动
000759,中百集团,重大诉讼
000759,中百集团,业绩预告
000759,中百集团,人事变动
000609,*ST中迪,重大诉讼
000609,*ST中迪,业绩预告
000609,*ST中迪,并购重组
000417,合百集团,分红/增持/回购
000417,合百集团,业绩预告
000417,合百集团,人事变动
000025,特力A,人事变动
000025,特力A,分红/增持/回购
000019,深粮控股,破产重整
000019,深粮控股,人事变动
600773,西藏城投,业绩预告
600773,西藏城投,人事变动
600589,大位科技,业绩预告
600589,大位科技,质押/解押
600283,钱江水利,分红/增持/回购
600283,钱江水利,人事变动
600115,中国东航,业绩预告
600115,中国东航,人事变动
301333,诺思格,分红/增持/回购
301052,果麦文化,破产重整
301010,晶雪节能,分红/增持/回购
300980,祥源新材,分红/增持/回购
300980,祥源新材,业绩预告
300980,祥源新材,质押/解押
300980,祥源新材,人事变动
300928,华安鑫创,人事变动
300928,华安鑫创,破产重整
300846,首都在线,质押/解押
300846,首都在线,并购重组
300670,大烨智能,业绩预告
300670,大烨智能,破产重整
300670,大烨智能,重大诉讼
300120,经纬辉开,并购重组
300043,星辉娱乐,分红/增持/回购
300043,星辉娱乐,人事变动
002425,凯撒文化,业绩预告
002425,凯撒文化,人事变动
002420,毅昌科技,人事变动
002420,毅昌科技,破产重整
002420,毅昌科技,业绩预告
002410,广联达,质押/解押
002410,广联达,出售/转让
002357,富临运业,质押/解押
002357,富临运业,业绩预告
002357,富临运业,并购重组
002130,沃尔核材,分红/增持/回购
002130,沃尔核材,破产重整
000989,九芝堂,质押/解押
000989,九芝堂,业绩预告
000989,九芝堂,人事变动
000429,粤高速A,分红/增持/回购
920717,瑞星股份,分红/增持/回购
920403,康农种业,业绩预告
920156,海昌智能,业绩预告
873124,聚仁新材,出售/转让
688045,必易微,人事变动
688045,必易微,并购重组
688045,必易微,破产重整
600623,华谊集团,分红/增持/回购
301393,昊帆生物,质押/解押
301393,昊帆生物,重大诉讼
301372,科净源,重大诉讼
301130,西点药业,人事变动
301130,西点药业,破产重整
300753,爱朋医疗,破产重整
300671,富满微,业绩预告
300671,富满微,人事变动
300671,富满微,破产重整
300317,珈伟新能,人事变动
300317,珈伟新能,质押/解押
300289,利德曼,并购重组
300289,利德曼,重大诉讼
300289,利德曼,破产重整
300289,利德曼,质押/解押
300093,金刚光伏,并购重组
300093,金刚光伏,分红/增持/回购
300093,金刚光伏,质押/解押
002267,陕天然气,人事变动
002267,陕天然气,破产重整
002181,粤传媒,重大诉讼
002181,粤传媒,业绩预告
002181,粤传媒,分红/增持/回购
002158,汉钟精机,破产重整
002158,汉钟精机,业绩预告
000933,神火股份,业绩预告
000829,天音控股,业绩预告
000829,天音控股,质押/解押
000829,天音控股,出售/转让
000401,金隅冀东,业绩预告
000401,金隅冀东,人事变动
920694,中裕科技,破产重整
920694,中裕科技,分红/增持/回购
920305,云创退,退市风险
688806,泰诺麦博,破产重整
688411,海博思创,人事变动
688411,海博思创,破产重整
688411,海博思创,业绩预告
603730,岱美股份,破产重整
603730,岱美股份,业绩预告
603730,岱美股份,出售/转让
603108,润达医疗,业绩预告
603108,润达医疗,质押/解押
600843,上工申贝,业绩预告
600843,上工申贝,出售/转让
600741,华域汽车,分红/增持/回购
600741,华域汽车,人事变动
600539,狮头股份,并购重组
301626,苏州天脉,并购重组
301585,蓝宇股份,立案/处罚
301585,蓝宇股份,人事变动
301353,普莱得,人事变动
301353,普莱得,破产重整
301306,西测测试,分红/增持/回购
301290,东星医疗,并购重组
301290,东星医疗,分红/增持/回购
301269,华大九天,人事变动
301269,华大九天,分红/增持/回购
301172,君逸数码,并购重组
301172,君逸数码,分红/增持/回购
300994,久祺股份,人事变动
300981,中红医疗,业绩预告
003011,海象新材,分红/增持/回购
003011,海象新材,破产重整
003011,海象新材,人事变动
002977,*ST天箭,业绩预告
002977,*ST天箭,出售/转让
002839,张家港行,破产重整
002839,张家港行,人事变动
002822,ST中装,退市风险
002822,ST中装,业绩预告
002822,ST中装,破产重整
002054,德美化工,业绩预告
002054,德美化工,分红/增持/回购
000686,东北证券,业绩预告
000686,东北证券,破产重整
000571,新大洲A,重大诉讼
000571,新大洲A,质押/解押
000571,新大洲A,业绩预告
920126,永大股份,破产重整
688159,有方科技,重大诉讼
600676,久事动娱,人事变动
600676,久事动娱,业绩预告
301508,中机认检,人事变动
301362,民爆光电,并购重组
301362,民爆光电,立案/处罚
301362,民爆光电,破产重整
301362,民爆光电,出售/转让
300407,凯发电气,分红/增持/回购
300105,龙源技术,重大诉讼
300105,龙源技术,人事变动
002778,中晟高科,质押/解押
002778,中晟高科,业绩预告
002778,中晟高科,分红/增持/回购
002737,葵花药业,分红/增持/回购
002737,葵花药业,出售/转让
002737,葵花药业,人事变动
002565,顺灏股份,出售/转让
002565,顺灏股份,分红/增持/回购
002565,顺灏股份,破产重整
002491,通鼎互联,业绩预告
002491,通鼎互联,质押/解押
002443,金洲管道,分红/增持/回购
002443,金洲管道,人事变动
002324,普利特,业绩预告
002324,普利特,质押/解押
000972,中基健康,退市风险
000972,中基健康,业绩预告
000972,中基健康,破产重整
000593,德龙汇能,重大诉讼
000593,德龙汇能,破产重整
000301,东方盛虹,业绩预告
000301,东方盛虹,人事变动
000301,东方盛虹,分红/增持/回购
000301,东方盛虹,破产重整
920262,太湖雪,分红/增持/回购
920201,百瑞吉,人事变动
920201,百瑞吉,破产重整
920152,昆工科技,分红/增持/回购
920118,太湖远大,业绩预告
874637,百瑞吉,人事变动
874637,百瑞吉,破产重整
874600,千岸科技,出售/转让
688085,三友医疗,分红/增持/回购
300970,华绿生物,人事变动
300970,华绿生物,破产重整
300964,本川智能,业绩预告
300964,本川智能,质押/解押
300795,米奥会展,质押/解押
300795,米奥会展,业绩预告
300765,石药创新,业绩预告
300701,森霸传感,并购重组
300030,阳普医疗,破产重整
688475,萤石网络,业绩预告
688255,凯尔达,业绩预告
688255,凯尔达,人事变动
688105,诺唯赞,分红/增持/回购
603776,永安行,破产重整
603776,永安行,业绩预告
603776,永安行,出售/转让
603727,博迈科,业绩预告
603727,博迈科,破产重整
603049,中策橡胶,质押/解押
600973,宝胜股份,业绩预告
600973,宝胜股份,人事变动
301500,飞南资源,分红/增持/回购
301500,飞南资源,业绩预告
301500,飞南资源,并购重组
301380,挖金客,质押/解押
301380,挖金客,破产重整
002853,皮阿诺,业绩预告
002853,皮阿诺,分红/增持/回购
002515,金字火腿,质押/解押
002515,金字火腿,业绩预告
002427,尤夫股份,重大诉讼
002427,尤夫股份,质押/解押
002416,爱施德,破产重整
002416,爱施德,业绩预告
002416,爱施德,质押/解押
002186,全聚德,业绩预告
920729,永顺生物,分红/增持/回购
920579,机科股份,破产重整
920579,机科股份,人事变动
688530,欧莱新材,业绩预告
688099,晶晨股份,业绩预告
688093,世华科技,人事变动
688020,方邦股份,破产重整
601588,北辰实业,业绩预告
601588,北辰实业,分红/增持/回购
600640,国脉文化,人事变动
600640,国脉文化,分红/增持/回购
600088,中视传媒,业绩预告
600088,中视传媒,分红/增持/回购
301089,拓新药业,破产重整
301033,迈普医学,并购重组
300978,东箭科技,人事变动
300552,万集科技,质押/解押
300376,易事特,质押/解押
300376,易事特,分红/增持/回购
300376,易事特,重大诉讼
300168,万达信息,破产重整
300168,万达信息,人事变动
300004,南风股份,人事变动
300004,南风股份,破产重整
002594,比亚迪,分红/增持/回购
002557,洽洽食品,分红/增持/回购
002557,洽洽食品,业绩预告
002020,京新药业,分红/增持/回购
001380,华纬科技,分红/增持/回购
000818,航锦科技,业绩预告
000818,航锦科技,出售/转让
000799,酒鬼酒,分红/增持/回购
000519,中兵红箭,人事变动
000519,中兵红箭,业绩预告
000519,中兵红箭,破产重整
000517,荣安地产,业绩预告
000517,荣安地产,破产重整
920640,富士达,破产重整
920580,科创新材,业绩预告
920026,卓兆点胶,并购重组
874747,维琪科技,破产重整
874747,维琪科技,出售/转让
603488,展鹏科技,业绩预告
603488,展鹏科技,破产重整
603329,上海雅仕,分红/增持/回购
603329,上海雅仕,破产重整
603329,上海雅仕,重大诉讼
603329,上海雅仕,业绩预告
603190,亚通精工,分红/增持/回购
603190,亚通精工,破产重整
600671,天目药业,出售/转让
301683,慧谷新材,业绩预告
301491,汉桑科技,分红/增持/回购
301491,汉桑科技,人事变动
301198,喜悦智行,重大诉讼
300441,鲍斯股份,质押/解押
300219,鸿利智汇,质押/解押
300219,鸿利智汇,破产重整
002556,辉隆股份,分红/增持/回购
002278,神开股份,业绩预告
002278,神开股份,分红/增持/回购
000975,山金国际,人事变动
000975,山金国际,业绩预告
000756,新华制药,分红/增持/回购
000063,中兴通讯,分红/增持/回购
920122,中纺标,破产重整
874396,长鹰硬科,出售/转让
688223,晶科能源,人事变动
688223,晶科能源,分红/增持/回购
603311,金海高科,人事变动
603311,金海高科,分红/增持/回购
301210,金杨精密,业绩预告
301026,浩通科技,破产重整
301026,浩通科技,分红/增持/回购
300931,通用电梯,破产重整
300652,雷迪克,分红/增持/回购
300558,贝达药业,业绩预告
002763,汇洁股份,人事变动
002654,万润科技,分红/增持/回购
002654,万润科技,重大诉讼
002583,海能达,业绩预告
002583,海能达,质押/解押
002291,遥望科技,质押/解押
002291,遥望科技,业绩预告
002199,东晶电子,业绩预告
002199,东晶电子,退市风险
002101,广东鸿图,分红/增持/回购
002101,广东鸿图,业绩预告
002101,广东鸿图,破产重整
002038,双鹭药业,分红/增持/回购
002038,双鹭药业,业绩预告
002038,双鹭药业,破产重整
001979,招商蛇口,业绩预告
001979,招商蛇口,分红/增持/回购
001979,招商蛇口,并购重组
001288,运机集团,质押/解押
000988,华工科技,破产重整
000595,新能股份,破产重整
000595,新能股份,退市风险
000595,新能股份,分红/增持/回购
000595,新能股份,业绩预告
920792,东和新材,出售/转让
920278,鹿得医疗,分红/增持/回购
688166,博瑞医药,人事变动
688015,交控科技,重大诉讼
603797,联泰环保,质押/解押
603297,永新光学,人事变动
603297,永新光学,破产重整
600149,廊坊发展,重大诉讼
301590,优优绿能,分红/增持/回购
301559,中集环科,分红/增持/回购
301503,智迪科技,分红/增持/回购
301150,中一科技,业绩预告
301032,新柴股份,分红/增持/回购
301032,新柴股份,破产重整
300661,圣邦股份,出售/转让
300661,圣邦股份,业绩预告
300461,田中精机,破产重整
300450,先导智能,分红/增持/回购
300410,正业科技,重大诉讼
300278,华昌达,业绩预告
300278,华昌达,立案/处罚
300182,捷成股份,分红/增持/回购
300097,智云股份,出售/转让
300097,智云股份,破产重整
002738,中矿资源,业绩预告
002738,中矿资源,出售/转让
002714,牧原股份,破产重整
002714,牧原股份,分红/增持/回购
002714,牧原股份,业绩预告
002672,东江环保,业绩预告
002672,东江环保,质押/解押
002457,青龙管业,质押/解押
002457,青龙管业,人事变动
002313,日海智能,业绩预告
002313,日海智能,重大诉讼
002099,海翔药业,分红/增持/回购
002099,海翔药业,业绩预告
002065,东华软件,出售/转让
002065,东华软件,分红/增持/回购
002065,东华软件,立案/处罚
002035,华帝股份,质押/解押
001336,楚环科技,分红/增持/回购
001228,永泰运,人事变动
920195,三祥科技,破产重整
920139,华岭股份,破产重整
874075,乔路铭,出售/转让
301190,善水科技,分红/增持/回购
301190,善水科技,业绩预告
301183,东田微,业绩预告
301183,东田微,人事变动
301183,东田微,破产重整
300963,中洲特材,分红/增持/回购
300963,中洲特材,质押/解押
300909,汇创达,质押/解押
300880,迦南智能,出售/转让
300837,浙矿股份,质押/解押
300724,捷佳伟创,质押/解押
300724,捷佳伟创,业绩预告
300724,捷佳伟创,重大诉讼
300502,新易盛,人事变动
300502,新易盛,业绩预告
300435,中泰股份,人事变动
300435,中泰股份,破产重整
300370,安控科技,质押/解押
300370,安控科技,破产重整
300247,融捷健康,出售/转让
300135,宝利国际,重大诉讼
300031,宝通科技,分红/增持/回购
300031,宝通科技,业绩预告
688561,奇安信,人事变动
688070,纵横股份,业绩预告
600848,上海临港,分红/增持/回购
600848,上海临港,破产重整
600848,上海临港,人事变动
600848,上海临港,业绩预告
600618,氯碱化工,分红/增持/回购
300496,中科创达,业绩预告
300428,立中集团,立案/处罚
300428,立中集团,人事变动
300428,立中集团,业绩预告
300073,当升科技,业绩预告
002448,中原内配,业绩预告
002448,中原内配,破产重整
002356,鹏飞绿能,业绩预告
002356,鹏飞绿能,并购重组
002171,楚江新材,分红/增持/回购
002104,恒宝股份,业绩预告
002104,恒宝股份,分红/增持/回购
002059,云南旅游,业绩预告
002059,云南旅游,人事变动
002053,云南能投,人事变动
002053,云南能投,出售/转让
001339,智微智能,业绩预告
000716,黑芝麻,业绩预告
000716,黑芝麻,立案/处罚
000716,黑芝麻,人事变动
920809,安达科技,业绩预告
688615,合合信息,重大诉讼
688400,凌云光,分红/增持/回购
688400,凌云光,出售/转让
688400,凌云光,业绩预告
688077,大地熊,分红/增持/回购
688030,山石网科,破产重整
688030,山石网科,业绩预告
605178,时空科技,质押/解押
605178,时空科技,业绩预告
605178,时空科技,并购重组
603968,醋化股份,业绩预告
603968,醋化股份,破产重整
601113,华鼎股份,业绩预告
601113,华鼎股份,质押/解押
600636,退市国化,退市风险
600636,退市国化,立案/处罚
600359,新农开发,破产重整
600118,中国卫星,业绩预告
600118,中国卫星,分红/增持/回购
301517,陕西华达,人事变动
301378,通达海,人事变动
301378,通达海,破产重整
301251,威尔高,立案/处罚
301251,威尔高,分红/增持/回购
301195,北路智控,人事变动
301195,北路智控,破产重整
300582,英飞特,人事变动
300582,英飞特,质押/解押
300513,恒实科技,分红/增持/回购
300513,恒实科技,质押/解押
300398,飞凯材料,分红/增持/回购
300398,飞凯材料,人事变动
003001,中岩大地,业绩预告
003001,中岩大地,并购重组
002928,华夏航空,业绩预告
002928,华夏航空,质押/解押
002898,赛隆退,出售/转让
002898,赛隆退,退市风险
002898,赛隆退,破产重整
002656,摩登大道,业绩预告
002656,摩登大道,退市风险
002539,云图控股,质押/解押
002228,合兴包装,出售/转让
001914,招商积余,破产重整
001914,招商积余,分红/增持/回购
920974,凯大催化,出售/转让
920425,乐创技术,分红/增持/回购
688372,伟测科技,人事变动
688372,伟测科技,破产重整
688106,金宏气体,业绩预告
688019,安集科技,出售/转让
688019,安集科技,破产重整
301577,美信科技,人事变动
301513,尚水智能,破产重整
301366,一博科技,分红/增持/回购
301366,一博科技,人事变动
301048,金鹰重工,人事变动
301048,金鹰重工,业绩预告
301048,金鹰重工,分红/增持/回购
301048,金鹰重工,破产重整
300988,津荣天宇,分红/增持/回购
300382,斯莱克,并购重组
300231,银信科技,质押/解押
300231,银信科技,重大诉讼
300112,万讯自控,业绩预告
002851,麦格米特,分红/增持/回购
002760,凤形股份,人事变动
002760,凤形股份,并购重组
002446,盛路通信,分红/增持/回购
002440,闰土股份,业绩预告
002440,闰土股份,人事变动
002355,兴民智通,业绩预告
002355,兴民智通,质押/解押
002348,高乐股份,业绩预告
002076,星光股份,业绩预告
000885,城发环境,人事变动
000850,华茂股份,破产重整
000850,华茂股份,分红/增持/回购
000850,华茂股份,业绩预告
000665,湖北广电,破产重整
000665,湖北广电,人事变动
000665,湖北广电,业绩预告
000665,湖北广电,立案/处罚
920128,胜业电气,人事变动
688102,斯瑞新材,分红/增持/回购
605598,上海港湾,业绩预告
605378,野马电池,立案/处罚
605378,野马电池,业绩预告
605333,沪光股份,业绩预告
605180,华生科技,业绩预告
603988,中电电机,业绩预告
603829,洛凯股份,分红/增持/回购
603829,洛凯股份,业绩预告
603507,振江股份,质押/解押
603507,振江股份,分红/增持/回购
603507,振江股份,业绩预告
603439,三力制药,分红/增持/回购
603439,三力制药,质押/解押
603439,三力制药,业绩预告
603439,三力制药,人事变动
603356,华菱精工,出售/转让
603356,华菱精工,业绩预告
603255,鼎际得,破产重整
603255,鼎际得,分红/增持/回购
603255,鼎际得,业绩预告
603220,中贝通信,业绩预告
603220,中贝通信,分红/增持/回购
603126,中材节能,业绩预告
603011,合锻智能,业绩预告
601888,中国中免,分红/增持/回购
601888,中国中免,业绩预告
600868,梅雁吉祥,业绩预告
600841,动力新科,破产重整
600841,动力新科,业绩预告
600833,第一医药,业绩预告
600748,上实发展,业绩预告
600722,金牛化工,人事变动
600708,光明地产,业绩预告
600706,曲江文旅,重大诉讼
600706,曲江文旅,质押/解押
600706,曲江文旅,立案/处罚
600706,曲江文旅,业绩预告
600588,用友网络,质押/解押
600588,用友网络,出售/转让
600588,用友网络,业绩预告
600545,卓郎智能,质押/解押
600545,卓郎智能,业绩预告
600527,江南高纤,破产重整
600503,华丽家族,业绩预告
600400,红豆股份,破产重整
600400,红豆股份,业绩预告
600345,长江通信,出售/转让
600345,长江通信,分红/增持/回购
600345,长江通信,业绩预告
600322,津投城开,重大诉讼
600322,津投城开,业绩预告
600310,广西能源,业绩预告
600234,科新发展,立案/处罚
600234,科新发展,业绩预告
600182,S佳通,分红/增持/回购
600067,冠城新材,质押/解押
600067,冠城新材,业绩预告
301606,绿联科技,破产重整
300856,科思股份,分红/增持/回购
300822,贝仕达克,人事变动
300822,贝仕达克,破产重整
300662,科锐国际,质押/解押
300434,金石亚药,业绩预告
300350,华鹏飞,质押/解押
300159,新研股份,业绩预告
300151,昌红科技,破产重整
003042,中农联合,业绩预告
003032,传智教育,业绩预告
003030,祖名股份,业绩预告
003029,吉大正元,业绩预告
003026,中晶科技,质押/解押
003026,中晶科技,业绩预告
003018,金富科技,质押/解押
003018,金富科技,分红/增持/回购
003018,金富科技,业绩预告
003010,若羽臣,业绩预告
003009,中天火箭,业绩预告
003005,竞业达,人事变动
003005,竞业达,业绩预告
002995,天地在线,业绩预告
002993,奥海科技,业绩预告
002976,瑞玛精密,重大诉讼
002976,瑞玛精密,业绩预告
002951,金时科技,破产重整
002951,金时科技,业绩预告
002912,中新赛克,业绩预告
002889,东方嘉盛,业绩预告
002880,卫光生物,破产重整
002880,卫光生物,业绩预告
002855,捷荣技术,业绩预告
002840,华统股份,业绩预告
002816,*ST和科,业绩预告
002813,路畅科技,业绩预告
002798,帝欧水华,业绩预告
002791,坚朗五金,业绩预告
002790,瑞尔特,业绩预告
002771,真视通,业绩预告
002745,木林森,分红/增持/回购
002745,木林森,业绩预告
002741,光华科技,业绩预告
002702,海欣食品,业绩预告
002691,*ST冀凯,立案/处罚
002691,*ST冀凯,业绩预告
002685,华东重机,业绩预告
002679,福建金森,人事变动
002679,福建金森,分红/增持/回购
002679,福建金森,业绩预告
002678,珠江钢琴,业绩预告
002663,普邦股份,业绩预告
002662,峰璟股份,业绩预告
002660,茂硕电源,业绩预告
002657,中科金财,业绩预告
002646,天佑德酒,分红/增持/回购
002646,天佑德酒,业绩预告
002639,雪人集团,业绩预告
002631,德尔未来,业绩预告
002628,成都路桥,业绩预告
002624,完美世界,业绩预告
002623,亚玛顿,业绩预告
002593,日上集团,业绩预告
002591,恒大高新,重大诉讼
002591,恒大高新,业绩预告
002585,双星新材,业绩预告
002582,好想你,业绩预告
002581,*ST未名,立案/处罚
002581,*ST未名,业绩预告
002578,闽发铝业,业绩预告
002572,索菲亚,业绩预告
002560,通达股份,业绩预告
002553,南方精工,业绩预告
002551,尚荣医疗,业绩预告
002543,万和电气,业绩预告
002512,ST达华,重大诉讼
002512,ST达华,业绩预告
002494,华斯股份,业绩预告
002492,恒基达鑫,质押/解押
002492,恒基达鑫,业绩预告
002485,ST雪发,业绩预告
002471,中超控股,业绩预告
002459,晶澳科技,业绩预告
002453,华软科技,业绩预告
002449,国星光电,业绩预告
002434,万里扬,分红/增持/回购
002434,万里扬,业绩预告
002413,雷科防务,业绩预告
002405,四维图新,业绩预告
002366,融发核电,业绩预告
002362,汉王科技,业绩预告
002354,天娱数科,业绩预告
002354,天娱数科,破产重整
002339,积成电子,业绩预告
002338,奥普光电,业绩预告
002331,皖通科技,业绩预告
002319,乐通股份,业绩预告
002309,中利集团,人事变动
002309,中利集团,业绩预告
002298,中电鑫龙,业绩预告
002269,美邦服饰,业绩预告
002234,民和股份,业绩预告
002227,*ST特迅,业绩预告
002221,东华能源,立案/处罚
002221,东华能源,业绩预告
002212,天融信,业绩预告
002207,*ST准油,破产重整
002207,*ST准油,业绩预告
002196,方正电机,破产重整
002196,方正电机,业绩预告
002190,成飞集成,业绩预告
002189,中光学,业绩预告
002180,奔图科技,重大诉讼
002180,奔图科技,业绩预告
002167,东方锆业,业绩预告
002139,拓邦股份,业绩预告
002137,实益达,业绩预告
002123,梦网科技,业绩预告
002122,ST汇洲,业绩预告
002094,青岛金王,业绩预告
002086,东方海洋,业绩预告
002045,国光电器,业绩预告
002031,巨轮智能,人事变动
002031,巨轮智能,质押/解押
002031,巨轮智能,业绩预告
002022,科华生物,业绩预告
001388,信通电子,破产重整
001388,信通电子,分红/增持/回购
001388,信通电子,业绩预告
001373,翔腾新材,业绩预告
001330,博纳影业,业绩预告
001300,三柏硕,业绩预告
001266,宏英智能,破产重整
001266,宏英智能,业绩预告
001258,立新能源,破产重整
001258,立新能源,业绩预告
001255,博菲电气,人事变动
001255,博菲电气,业绩预告
001223,欧克科技,业绩预告
001212,中旗新材,业绩预告
001201,东瑞股份,业绩预告
000995,皇台酒业,业绩预告
000968,蓝焰控股,人事变动
000966,长源电力,立案/处罚
000966,长源电力,业绩预告
000965,天保基建,业绩预告
000912,泸天化,业绩预告
000897,津滨发展,业绩预告
000893,亚钾国际,业绩预告
000890,法尔胜,业绩预告
000886,海南高速,业绩预告
000860,顺鑫农业,人事变动
000860,顺鑫农业,业绩预告
000839,国安股份,质押/解押
000839,国安股份,业绩预告
000833,粤桂股份,业绩预告
000822,山东海化,破产重整
000822,山东海化,业绩预告
000735,罗牛山,业绩预告
000720,新能泰山,破产重整
000720,新能泰山,业绩预告
000707,双环科技,业绩预告
000705,浙江震元,业绩预告
000697,炼石航空,业绩预告
000679,大连友谊,业绩预告
000676,智度股份,业绩预告
000661,长春高新,业绩预告
000629,钒钛股份,业绩预告
000608,阳光股份,业绩预告
000607,华媒控股,业绩预告
000572,海马汽车,业绩预告
000567,海德股份,业绩预告
000561,烽火电子,业绩预告
000541,佛山照明,出售/转让
000541,佛山照明,人事变动
000541,佛山照明,业绩预告
000506,招金黄金,业绩预告
000402,金融街,重大诉讼
000402,金融街,业绩预告
000090,天健集团,业绩预告
000090,天健集团,分红/增持/回购
000069,华侨城A,业绩预告
000066,中国长城,业绩预告
000011,深物业A,业绩预告
920957,汉维科技,业绩预告
920117,龙鑫智能,破产重整
920117,龙鑫智能,出售/转让
874520,龙鑫智能,破产重整
874520,龙鑫智能,出售/转让
688811,有研复材,分红/增持/回购
688603,天承科技,业绩预告
605299,舒华体育,业绩预告
603375,盛景微,分红/增持/回购
603375,盛景微,业绩预告
603110,东方材料,业绩预告
603068,博通集成,分红/增持/回购
603068,博通集成,业绩预告
601929,吉视传媒,破产重整
601929,吉视传媒,业绩预告
600692,亚通股份,业绩预告
600135,乐凯胶片,业绩预告
301255,通力科技,分红/增持/回购
301200,大族数控,业绩预告
301200,大族数控,人事变动
300878,维康药业,人事变动
300548,长芯博创,并购重组
300548,长芯博创,分红/增持/回购
300548,长芯博创,业绩预告
003023,彩虹集团,业绩预告
003007,直真科技,业绩预告
002981,朝阳科技,业绩预告
002956,西麦食品,业绩预告
002916,深南电路,业绩预告
002883,*ST中设,业绩预告
002808,恒久退,退市风险
002806,华锋股份,业绩预告
002799,环球印务,业绩预告
002735,王子新材,质押/解押
002735,王子新材,破产重整
002700,万憬能源,分红/增持/回购
002700,万憬能源,质押/解押
002652,扬子新材,业绩预告
002636,金安国纪,业绩预告
002571,德力股份,业绩预告
002561,徐家汇,业绩预告
002541,鸿路钢构,分红/增持/回购
002541,鸿路钢构,业绩预告
002526,山东矿机,分红/增持/回购
002526,山东矿机,业绩预告
002519,银河电子,业绩预告
002489,浙江永强,业绩预告
002488,金固股份,业绩预告
002474,榕基软件,业绩预告
002463,沪电股份,业绩预告
002428,云南锗业,分红/增持/回购
002428,云南锗业,破产重整
002428,云南锗业,业绩预告
002406,远东传动,分红/增持/回购
002406,远东传动,业绩预告
002335,科华数据,业绩预告
002305,*ST南置,业绩预告
002279,久其软件,业绩预告
002245,蔚蓝锂芯,业绩预告
002187,广百股份,人事变动
002187,广百股份,业绩预告
002184,海得控制,业绩预告
002162,悦心健康,质押/解押
002162,悦心健康,业绩预告
002095,生意宝,业绩预告
002058,紫竹高科,业绩预告
001378,德冠新材,业绩预告
001360,南矿集团,分红/增持/回购
001338,永顺泰,业绩预告
001279,强邦新材,业绩预告
001268,联合精密,分红/增持/回购
001268,联合精密,业绩预告
001260,坤泰股份,业绩预告
001229,魅视科技,业绩预告
001203,大中矿业,人事变动
001203,大中矿业,分红/增持/回购
001203,大中矿业,质押/解押
000997,新大陆,人事变动
000898,鞍钢股份,并购重组
000898,鞍钢股份,业绩预告
000782,恒申新材,业绩预告
000573,粤宏远A,业绩预告
000516,国际医学,质押/解押
000516,国际医学,业绩预告
000055,方大集团,业绩预告
000004,国华退,退市风险
000004,国华退,重大诉讼
920571,国航远洋,业绩预告
920402,硅烷科技,出售/转让
920402,硅烷科技,人事变动
301636,泽润新能,破产重整
301586,佳力奇,分红/增持/回购
301092,争光股份,破产重整
300985,致远新能,质押/解押
300973,立高食品,质押/解押
300900,广联航空,人事变动
300839,博汇股份,分红/增持/回购
300607,拓斯达,质押/解押
300607,拓斯达,人事变动
300607,拓斯达,破产重整
300607,拓斯达,业绩预告
300107,建新股份,业绩预告
603738,泰晶科技,业绩预告
603333,福华尚纬,业绩预告
600461,洪城环境,分红/增持/回购
600461,洪城环境,破产重整
300447,全信股份,破产重整
002952,亚世光电,并购重组
002952,亚世光电,业绩预告
002908,德生科技,质押/解押
002908,德生科技,业绩预告
002908,德生科技,破产重整
002845,同兴达,业绩预告
002697,红旗连锁,业绩预告
002564,天沃科技,破产重整
002564,天沃科技,业绩预告
002482,广田集团,重大诉讼
002482,广田集团,业绩预告
002461,珠江啤酒,业绩预告
002439,启明星辰,业绩预告
002418,康盛股份,人事变动
002408,齐翔腾达,业绩预告
002347,泰尔股份,重大诉讼
002347,泰尔股份,业绩预告
002092,中泰化学,业绩预告
001337,四川黄金,质押/解押
001337,四川黄金,业绩预告
000978,桂林旅游,并购重组
000969,安泰科技,立案/处罚
000969,安泰科技,出售/转让
000868,安凯客车,业绩预告
000570,苏常柴A,分红/增持/回购
000529,广弘控股,人事变动
000529,广弘控股,业绩预告
920208,青矩技术,出售/转让
920208,青矩技术,澄清/辟谣
920208,青矩技术,分红/增持/回购
920080,奥美森,分红/增持/回购
920027,交大铁发,分红/增持/回购
688143,长盈通,业绩预告
688143,长盈通,分红/增持/回购
600897,厦门空港,分红/增持/回购
600592,龙溪股份,破产重整
301302,华如科技,人事变动
301302,华如科技,破产重整
301202,朗威股份,并购重组
300883,龙利得,分红/增持/回购
300533,冰川网络,业绩预告
300390,天华新能,业绩预告
300233,金城医药,业绩预告
300233,金城医药,质押/解押
300160,秀强股份,人事变动
300160,秀强股份,破产重整
300147,*ST香雪,破产重整
300147,*ST香雪,立案/处罚
300131,英唐智控,并购重组
300029,天龙退,退市风险
003816,中国广核,分红/增持/回购
003816,中国广核,人事变动
003816,中国广核,并购重组
002877,智能自控,分红/增持/回购
002863,今飞凯达,分红/增持/回购
002863,今飞凯达,立案/处罚
002805,丰元股份,分红/增持/回购
002805,丰元股份,业绩预告
002527,新时达,业绩预告
002358,森源电气,分红/增持/回购
002337,赛象科技,人事变动
002177,御银股份,质押/解押
000888,峨眉山A,分红/增持/回购
000791,甘肃能源,业绩预告
000598,兴蓉环境,分红/增持/回购
000596,古井贡酒,人事变动
000596,古井贡酒,分红/增持/回购
920099,瑞华技术,分红/增持/回购
688011,新光光电,分红/增持/回购
301230,泓博医药,分红/增持/回购
301227,森鹰窗业,立案/处罚
301227,森鹰窗业,重大诉讼
301006,迈拓股份,分红/增持/回购
300458,全志科技,破产重整
300458,全志科技,业绩预告
300389,艾比森,业绩预告
300377,赢时胜,出售/转让
300321,同大股份,破产重整
002990,盛视科技,业绩预告
002552,宝鼎科技,业绩预告
002026,山东威达,分红/增持/回购
000949,新乡化纤,立案/处罚
000949,新乡化纤,业绩预告
000766,通化金马,分红/增持/回购
000070,特发信息,业绩预告
920953,国子软件,分红/增持/回购
920931,无锡鼎邦,并购重组
920931,无锡鼎邦,分红/增持/回购
920720,吉冈精密,分红/增持/回购
920547,无锡晶海,分红/增持/回购
874628,欧伦电气,出售/转让
688199,久日新材,破产重整
600642,申能股份,分红/增持/回购
301201,诚达药业,分红/增持/回购
301012,扬电科技,人事变动
300966,共同药业,分红/增持/回购
300814,中富电路,分红/增持/回购
300462,ST华铭,重大诉讼
300348,长亮科技,质押/解押
300260,新莱应材,分红/增持/回购
300109,新开源,质押/解押
300026,红日药业,出售/转让
300026,红日药业,分红/增持/回购
002849,威星智能,分红/增持/回购
002766,索菱股份,人事变动
002766,索菱股份,业绩预告
002643,万润股份,人事变动
002546,新联电子,业绩预告
001389,广合科技,分红/增持/回购
001389,广合科技,业绩预告
001335,信凯科技,立案/处罚
920136,永励精密,出售/转让
874457,永励精密,出售/转让
688363,华熙生物,分红/增持/回购
688005,容百科技,业绩预告
600648,外高桥,分红/增持/回购
301571,国科天成,并购重组
301571,国科天成,分红/增持/回购
301059,金三江,分红/增持/回购
300749,顶固集创,人事变动
300749,顶固集创,破产重整
300620,光库科技,人事变动
300620,光库科技,破产重整
300620,光库科技,并购重组
300620,光库科技,业绩预告
300400,劲拓股份,人事变动
300288,朗玛信息,分红/增持/回购
003022,联泓新科,业绩预告
002988,豪美新材,质押/解押
002962,五方光电,业绩预告
002836,新宏泽,分红/增持/回购
002836,新宏泽,破产重整
000983,山西焦煤,分红/增持/回购
920576,天力复合,分红/增持/回购
920249,利尔达,人事变动
874318,康美特,出售/转让
688378,奥来德,业绩预告
688095,福昕软件,出售/转让
301595,太力科技,人事变动
301102,兆讯传媒,分红/增持/回购
300733,西菱动力,业绩预告
300393,中来股份,质押/解押
300384,三联虹普,分红/增持/回购
300137,先河环保,分红/增持/回购
002266,浙富控股,业绩预告
688039,当虹科技,人事变动
688039,当虹科技,出售/转让
688025,杰普特,并购重组
301581,黄山谷捷,破产重整
301216,万凯新材,分红/增持/回购
301196,唯科科技,破产重整
300509,新美星,分红/增持/回购
300480,光力科技,破产重整
002632,道明光学,破产重整
002632,道明光学,人事变动
001287,中电港,业绩预告
000899,赣能股份,人事变动
000899,赣能股份,出售/转让
000899,赣能股份,并购重组
000633,合金投资,立案/处罚
000060,中金岭南,分红/增持/回购
000060,中金岭南,业绩预告
920267,鑫汇科,分红/增持/回购
688261,东微半导,分红/增持/回购
688261,东微半导,立案/处罚
688103,国力电子,分红/增持/回购
688103,国力电子,重大诉讼
603538,美诺华,分红/增持/回购
603057,紫燕食品,分红/增持/回购
600468,百利电气,分红/增持/回购
301225,恒勃股份,分红/增持/回购
301192,泰祥股份,业绩预告
301127,武汉天源,分红/增持/回购
301063,海锅股份,分红/增持/回购
300821,东岳硅材,业绩预告
300820,英杰电气,破产重整
300500,启迪设计,出售/转让
300195,长荣股份,分红/增持/回购
300164,通源石油,破产重整
300164,通源石油,人事变动
300164,通源石油,质押/解押
300161,华中数控,分红/增持/回购
002788,鹭燕医药,分红/增持/回购
002530,金财互联,人事变动
002148,北纬科技,业绩预告
002017,东信和平,人事变动
002017,东信和平,重大诉讼
000530,冰山冷热,分红/增持/回购
000411,英特集团,分红/增持/回购
920802,保丽洁,破产重整
920198,微创光电,业绩预告
920089,禾昌聚合,分红/增持/回购
920089,禾昌聚合,立案/处罚
688765,禾元生物,业绩预告
688141,杰华特,人事变动
603685,晨丰科技,分红/增持/回购
603205,健尔康,分红/增持/回购
600697,欧亚集团,分红/增持/回购
600520,三佳科技,业绩预告
600128,苏豪弘业,重大诉讼
301345,涛涛车业,业绩预告
301257,普蕊斯,分红/增持/回购
301149,隆华新材,分红/增持/回购
300959,线上线下,破产重整
300959,线上线下,出售/转让
300867,圣元环保,业绩预告
300867,圣元环保,出售/转让
300867,圣元环保,质押/解押
300841,康华生物,破产重整
300739,明阳电路,分红/增持/回购
300683,海特生物,业绩预告
300337,银邦股份,分红/增持/回购
300327,中颖电子,分红/增持/回购
300118,东方日升,质押/解押
002983,芯瑞达,分红/增持/回购
002958,青农商行,分红/增持/回购
002950,奥美医疗,破产重整
002950,奥美医疗,出售/转让
002950,奥美医疗,业绩预告
002767,先锋电子,分红/增持/回购
002304,洋河股份,人事变动
002098,浔兴股份,分红/增持/回购
000758,中色股份,分红/增持/回购
920970,大禹生物,破产重整
920699,海达尔,分红/增持/回购
688370,丛麟科技,分红/增持/回购
688073,毕得医药,破产重整
603590,康辰药业,分红/增持/回购
601512,中新集团,分红/增持/回购
301487,盟固利,分红/增持/回购
301178,天亿马,并购重组
300999,金龙鱼,出售/转让
300977,深圳瑞捷,破产重整
300729,乐歌股份,人事变动
300711,广哈通信,人事变动
300598,诚迈科技,出售/转让
300021,大禹节水,分红/增持/回购
003043,华亚智能,业绩预告
002896,中大力德,分红/增持/回购
001234,泰慕士,并购重组
000404,长虹华意,破产重整
000159,国际实业,分红/增持/回购
920608,丰安股份,分红/增持/回购
920407,驰诚股份,分红/增持/回购
920363,莱赛激光,分红/增持/回购
920300,辰光医疗,破产重整
920088,科力股份,分红/增持/回购
920047,诺思兰德,分红/增持/回购
920047,诺思兰德,立案/处罚
874693,吉和昌,破产重整
874693,吉和昌,出售/转让
688053,ST思科瑞,破产重整
605081,退市太和,退市风险
600608,退市沪科,退市风险
600193,退市创兴,退市风险
301607,富特科技,人事变动
301607,富特科技,破产重整
301520,万邦医药,并购重组
301229,纽泰格,质押/解押
301211,亨迪药业,业绩预告
301116,益客食品,人事变动
301116,益客食品,破产重整
301056,森赫股份,分红/增持/回购
301000,肇民科技,破产重整
300991,创益通,重大诉讼
300648,星云股份,破产重整
300633,开立医疗,质押/解押
300535,达威股份,分红/增持/回购
300517,海波重科,业绩预告
300517,海波重科,破产重整
300115,长盈精密,分红/增持/回购
300039,上海凯宝,立案/处罚
003021,兆威机电,分红/增持/回购
002698,博实股份,分红/增持/回购
000652,泰达股份,并购重组
000652,泰达股份,人事变动
000603,盛达资源,业绩预告
000597,东北制药,破产重整
920167,同享科技,分红/增持/回购
920069,普昂医疗,分红/增持/回购
301522,上大股份,破产重整
301233,盛帮股份,破产重整
301168,通灵股份,质押/解押
300886,华业香料,分红/增持/回购
300745,欣锐科技,破产重整
300730,科创信息,出售/转让
300397,天和防务,质押/解押
300294,博雅生物,破产重整
300294,博雅生物,出售/转让
300294,博雅生物,人事变动
688981,中芯国际,并购重组
688981,中芯国际,破产重整
603058,永吉股份,破产重整
600822,上海物贸,立案/处罚
600352,浙江龙盛,分红/增持/回购
300542,新晨科技,破产重整
300295,*ST三六五,人事变动
002984,森麒麟,分红/增持/回购
002984,森麒麟,破产重整
002226,江南化工,分红/增持/回购
002078,太阳纸业,分红/增持/回购
002010,传化智联,并购重组
000501,武商集团,破产重整
000501,武商集团,分红/增持/回购
000045,深纺织A,破产重整
920942,恒立钻具,分红/增持/回购
920735,德源药业,人事变动
920087,秋乐种业,并购重组
920082,方正阀门,破产重整
873700,益坤电气,破产重整
873700,益坤电气,出售/转让
688592,司南导航,分红/增持/回购
301667,纳百川,分红/增持/回购
300920,润阳科技,立案/处罚
300920,润阳科技,分红/增持/回购
300894,火星人,质押/解押
300827,上能电气,分红/增持/回购
300708,聚灿光电,分红/增持/回购
300644,南京聚隆,分红/增持/回购
300547,川环科技,分红/增持/回购
300193,佳士科技,分红/增持/回购
300049,福瑞医科,分红/增持/回购
002917,金奥博,分红/增持/回购
002890,弘宇股份,分红/增持/回购
920394,民士达,并购重组
920045,蘅东光,分红/增持/回购
920014,特瑞斯,分红/增持/回购
873414,科莱瑞迪,出售/转让
603217,元利科技,分红/增持/回购
600011,华能国际,分红/增持/回购
300541,先进数通,分红/增持/回购
300478,杭州高新,人事变动
300412,迦南科技,出售/转让
300318,博晖创新,破产重整
300318,博晖创新,人事变动
300145,南方泵业,出售/转让
300045,华力创通,破产重整
002371,北方华创,分红/增持/回购
001311,多利科技,破产重整
920885,星辰科技,分红/增持/回购
920871,派特尔,分红/增持/回购
920679,前进科技,破产重整
688147,微导纳米,分红/增持/回购
603280,南方路机,分红/增持/回购
301317,鑫磊股份,分红/增持/回购
301111,粤万年青,出售/转让
300901,中胤时尚,质押/解押
300703,创源股份,人事变动
300265,通光线缆,人事变动
001391,国货航,分红/增持/回购
